{
  "M": {
    "0": 0.2909260991580917,
    "1": 0.00028063610851262864,
    "2": 0.03498596819457437,
    "3": 0.0009354536950420954,
    "4": 0.2775491113189897,
    "5": 0.03012160898035547,
    "6": 0.009354536950420954,
    "7": 0.28072965388213283,
    "8": 0.0017773620205799813,
    "9": 0.019925163704396634,
    "10": 0.0323666978484565,
    "11": 0.021047708138447148
  },
  "M4": {
    "0": 0.2972972972972973,
    "1": 0.009009009009009009,
    "2": 0.03303303303303303,
    "3": 0.0,
    "4": 0.02702702702702703,
    "5": 0.2732732732732733,
    "6": 0.0,
    "7": 0.2852852852852853,
    "8": 0.015015015015015015,
    "9": 0.03303303303303303,
    "10": 0.02702702702702703,
    "11": 0.0
  },
  "M6": {
    "0": 0.25,
    "1": 0.0,
    "2": 0.013888888888888888,
    "3": 0.0,
    "4": 0.2222222222222222,
    "5": 0.0,
    "6": 0.027777777777777776,
    "7": 0.20833333333333334,
    "8": 0.0,
    "9": 0.25,
    "10": 0.0,
    "11": 0.027777777777777776
  },
  "M7": {
    "0": 0.22273628552544614,
    "1": 0.005287508261731659,
    "2": 0.02247191011235955,
    "3": 0.004626569729015202,
    "4": 0.21744877726371448,
    "5": 0.034368803701255786,
    "6": 0.0,
    "7": 0.23132848645076007,
    "8": 0.0039656311962987445,
    "9": 0.020489094514210177,
    "10": 0.23463317911434237,
    "11": 0.0026437541308658294
  },
  "d": {
    "0": 0.2867383512544803,
    "1": 0.025089605734767026,
    "2": 0.0,
    "3": 0.2903225806451613,
    "4": 0.025089605734767026,
    "5": 0.021505376344086023,
    "6": 0.3010752688172043,
    "7": 0.0035842293906810036,
    "8": 0.03225806451612903,
    "9": 0.007168458781362007,
    "10": 0.0035842293906810036,
    "11": 0.0035842293906810036
  },
  "d6": {
    "0": 0.21052631578947367,
    "1": 0.05263157894736842,
    "2": 0.0,
    "3": 0.21052631578947367,
    "4": 0.0,
    "5": 0.0,
    "6": 0.2631578947368421,
    "7": 0.0,
    "8": 0.0,
    "9": 0.21052631578947367,
    "10": 0.05263157894736842,
    "11": 0.0
  },
  "d7": {
    "0": 0.22099447513812154,
    "1": 0.022099447513812154,
    "2": 0.0,
    "3": 0.24861878453038674,
    "4": 0.0055248618784530384,
    "5": 0.0,
    "6": 0.23204419889502761,
    "7": 0.0,
    "8": 0.016574585635359115,
    "9": 0.19889502762430938,
    "10": 0.04419889502762431,
    "11": 0.011049723756906077
  },
  "m": {
    "0": 0.28562259306803595,
    "1": 0.004278990158322636,
    "2": 0.038296961916987594,
    "3": 0.2847667950363714,
    "4": 0.0019255455712451862,
    "5": 0.02717158750534874,
    "6": 0.0027813436029097134,
    "7": 0.26743688489516476,
    "8": 0.011125374411638854,
    "9": 0.025887890457851948,
    "10": 0.045785194694052206,
    "11": 0.004920838682071031
  },
  "m4": {
    "0": 0.3333333333333333,
    "1": 0.0,
    "2": 0.0,
    "3": 0.16666666666666666,
    "4": 0.0,
    "5": 0.3333333333333333,
    "6": 0.0,
    "7": 0.16666666666666666,
    "8": 0.0,
    "9": 0.0,
    "10": 0.0,
    "11": 0.0
  },
  "m6": {
    "0": 0.24621212121212122,
    "1": 0.0,
    "2": 0.041666666666666664,
    "3": 0.23863636363636365,
    "4": 0.0,
    "5": 0.011363636363636364,
    "6": 0.015151515151515152,
    "7": 0.1893939393939394,
    "8": 0.007575757575757576,
    "9": 0.24242424242424243,
    "10": 0.003787878787878788,
    "11": 0.003787878787878788
  },
  "m7": {
    "0": 0.2550335570469799,
    "1": 0.01174496644295302,
    "2": 0.031879194630872486,
    "3": 0.21140939597315436,
    "4": 0.0050335570469798654,
    "5": 0.013422818791946308,
    "6": 0.003355704697986577,
    "7": 0.20302013422818793,
    "8": 0.006711409395973154,
    "9": 0.028523489932885907,
    "10": 0.22818791946308725,
    "11": 0.0016778523489932886
  }
}