{
  "M": 0.5837599293909973,
  "M4": 0.017828773168578994,
  "M6": 0.003177405119152692,
  "M7": 0.07149161518093557,
  "d": 0.01588702559576346,
  "d6": 0.00088261253309797,
  "d7": 0.008296557811120918,
  "m": 0.2564872021182701,
  "m4": 0.000353045013239188,
  "m6": 0.013062665489849955,
  "m7": 0.028773168578993823
}