{
    "model": {
        "fConsOctave Bass Tenor": -1.3658256069158603,
        "fRootDoubling Tenor Alto": -2.006327432736113,
        "fCrossing Tenor Alto": -0.947877133076916,
        "fRelOblique Alto Soprano": 1.132154460373756,
        "fOverlap Tenor Bass": 7.670851534265472e-2,
        "fRelSimilar Alto Soprano": 1.207913324711967,
        "fParFifth Tenor Soprano": -2.8608903428253694,
        "fSkipThenStep Soprano": -0.6637150277723136,
        "fHiddenFifth Bass Soprano": -0.17840256807305088,
        "fOverlap Bass Tenor": 0.29194441038230506,
        "fRelStationary Bass Tenor": 0.8450168241527627,
        "fForeignDoubling Tenor Soprano": 0.9054017273179723,
        "fSLeapThenConStep Alto": -1.838969179628971e-2,
        "fMelodyStep Soprano": -0.8961343603515081,
        "fLLeapThenElse Soprano": -1.6665455546594479,
        "fConsFifth Bass Soprano": -0.46122417006966904,
        "fLLeapThenConStep Tenor": -1.217730899290957,
        "fSLeapThenElse Tenor": -0.10405376971032732,
        "fMelodyHolds Bass": -0.19783534408407413,
        "fRelContrary Tenor Soprano": 0.9848997015721671,
        "f5thDoubling Alto Soprano": 1.8285255690010949,
        "fRelContrary Tenor Alto": 0.9931980176894745,
        "fUnison Bass Tenor": 9.834623922585438e-2,
        "fConsFifth Bass Alto": 0.1109689387026198,
        "fNearestTone Bass": -0.1806013710093388,
        "fMelodyStays Bass": -2.970345878174929,
        "fRelParallel Tenor Alto": 1.1143389174261928,
        "f5thDoubling Bass Alto": 0.7396910617940846,
        "fTensionDoubling Alto Soprano": -0.43927054355038375,
        "fTooFarAT": -0.2656142736478394,
        "fParOctave Bass Soprano": -3.7300048821981004,
        "f3rdDoubling Bass Tenor": 0.13318241705336373,
        "fNoDoubling Bass Soprano": 0.9125820613842681,
        "fMelodyStays Soprano": -1.8485567137536572,
        "fLTDoubling Tenor Alto": -0.6068701179981076,
        "fNearestTone Soprano": -0.1642082277292817,
        "fUnison Tenor Soprano": -0.18500540982596844,
        "fSkipThenArpg Alto": -1.91011092381401,
        "fForeignLT Tenor": 1.2375896342886124,
        "fMelodySkip Bass": -3.17352230547628,
        "fMelodyHolds Soprano": -0.4087248604648046,
        "fMelodyLeap Tenor": -2.9622409121998983,
        "fHiddenOctave Tenor Alto": -1.2329723435137745,
        "fOutOfRange Bass": -1.1060636587653956,
        "fRelStationary Alto Soprano": 1.45228983924469,
        "fRootDoubling Bass Alto": 3.1166490935899676,
        "fOverlap Alto Soprano": -0.8260814575501286,
        "fCrossing Bass Alto": -0.6445352844042753,
        "fCrossing Bass Soprano": -0.4689231631637062,
        "fConsOctave Alto Soprano": -6.856050417779717e-2,
        "fRootDoubling Bass Soprano": 2.603076243164057,
        "fOverlap Soprano Alto": -7.382509814252104e-2,
        "fRelSimilar Bass Tenor": 0.9763970405194201,
        "fMelodyOverleap Bass": -1.2359675994009744,
        "fTooFarSA": -0.3605521781218286,
        "fHiddenFifth Tenor Alto": 0.2738775485731448,
        "fRelOblique Bass Tenor": 1.0699875616334904,
        "fHiddenFifth Tenor Soprano": 0.834125504192388,
        "fOutOfRange Soprano": -4.431316771828942,
        "fDissLeap Bass": -1.6142480582392416,
        "fForeignDoubling Alto Soprano": 0.1215724140790504,
        "fSLeapThenConStep Tenor": -3.7273194976003926e-2,
        "fMelodyOverleap Soprano": -3.859351531323214,
        "fConsOctave Bass Alto": -1.2134423867421313,
        "fCommonTone Bass": 1.5441051194385498,
        "fParUnison Bass Soprano": 0,
        "fRelOblique Tenor Soprano": 1.0447412781024086,
        "fParFifth Alto Soprano": -3.292392539471102,
        "fRelStationary Bass Alto": 0.9436035262485999,
        "fOverlap Bass Alto": -0.7050603837744318,
        "fRelSimilar Tenor Soprano": 0.9109683136513144,
        "fMelodySkip Tenor": -2.1366540091920156,
        "fNoDoubling Tenor Alto": 0.7614762570515098,
        "fHiddenOctave Bass Soprano": -1.0844426163964695,
        "fLTDoubling Bass Soprano": 0.36791917281573905,
        "fHiddenOctave Bass Alto": 0.21693032866248857,
        "fRelParallel Bass Soprano": 0.8015489732489951,
        "fParOctave Tenor Alto": -1.702252314869752,
        "fTensionDoubling Bass Tenor": -1.8843479925235342,
        "fNoDoubling Tenor Soprano": -0.1814448865484428,
        "fParOctave Tenor Soprano": -3.5052901844965336,
        "fRelParallel Bass Alto": 1.1375314364874114,
        "fLTDoubling Bass Alto": -1.2070284907544013,
        "fForeign Bass": -1.1422826737199667,
        "f3rdDoubling Alto Soprano": 0.6140117170363563,
        "fNearestTone Tenor": -0.13608555772432568,
        "fForeign Alto": -1.4820159988056627,
        "fParOctave Bass Tenor": -4.031809248788239,
        "fMelodyHolds Tenor": -1.0289850339478461,
        "fHiddenOctave Alto Soprano": -0.18933684666763664,
        "fConsFifth Tenor Soprano": 0.9892579931774194,
        "f3rdDoubling Bass Soprano": 1.780909224652828,
        "fMelodyStays Tenor": -1.768322228811913,
        "fMelodyLeap Soprano": -3.086206970909432,
        "fLTDoubling Alto Soprano": -0.7689527077601329,
        "fTensionDoubling Tenor Alto": 4.5245042133228684e-2,
        "fRelParallel Alto Soprano": 1.0249443962931235,
        "fRelContrary Bass Alto": 1.1804722513340393,
        "fNoDoubling Bass Tenor": 8.427851393495063e-2,
        "fForeignLT Soprano": 2.2029409895382916,
        "fSkipThenElse Soprano": -0.4860674013643722,
        "fMelodyStep Bass": -0.8452492293426036,
        "fCommonTone Tenor": -0.15349146229583413,
        "fSLeapThenSimStep Soprano": -1.5742725940383586e-2,
        "fParFifth Bass Tenor": -3.3519523734583685,
        "fParUnison Tenor Alto": -0.6536606756379518,
        "fParUnison Tenor Soprano": -3.708199266972038e-2,
        "fDissLeap Tenor": -1.4893389764743827,
        "fSLeapThenSimStep Alto": -0.5511913555210518,
        "fForeignDoubling Bass Tenor": 0.2301095595754485,
        "fSkipThenElse Alto": -2.035650632488666,
        "fSkipThenStep Bass": -1.0907297562954634,
        "fLLeapThenElse Bass": -3.231271432616152,
        "fSLeapThenConStep Soprano": -0.10635176442036949,
        "fHiddenFifth Bass Alto": 1.9812527645443025,
        "fChord": 2.4113271127267497,
        "fParFifth Tenor Alto": -2.893760069447414,
        "fOutOfRange Tenor": -2.56760896352001,
        "fSkipThenStep Alto": -2.8714678801869935,
        "fMelodyOverleap Tenor": -4.728929966784317,
        "fSLeapThenSimStep Bass": -2.139530784942618,
        "fCrossing Tenor Soprano": -0.8140317329002519,
        "fSkipThenElse Bass": -5.466819360789447e-2,
        "fParUnison Bass Tenor": -2.232672795159529,
        "fLLeapThenElse Alto": -1.4034942692484504,
        "fRootDoubling Tenor Soprano": -0.6613809355219551,
        "fMelodyStep Alto": -1.2192531227600751,
        "fForeignDoubling Tenor Alto": 0.9122477913788708,
        "fRelParallel Bass Tenor": 1.1806484228099805,
        "fSkipThenArpg Bass": 0.3658805967762495,
        "fNoDoubling Alto Soprano": 0.4065837249310294,
        "fMelodySkip Soprano": -2.5262517056144542,
        "fTensionDoubling Bass Alto": -2.6541859609232374,
        "f3rdDoubling Tenor Alto": 1.3220572621849251,
        "fMelodySkip Alto": -1.2125687859886831,
        "fHiddenOctave Bass Tenor": 0.29643903976667096,
        "fParOctave Alto Soprano": -1.6880686871837642,
        "fLTDoubling Bass Tenor": -1.3920225045419619,
        "fTensionDoubling Bass Soprano": -2.2389098865261827,
        "f3rdDoubling Tenor Soprano": 9.806757301265347e-2,
        "fNoDoubling Bass Alto": 0.4892310883860132,
        "fParOctave Bass Alto": -4.182157560204706,
        "fSkipThenArpg Soprano": 9.713758120049056e-2,
        "fLTDoubling Tenor Soprano": -0.14187267814264987,
        "fForeign Tenor": -1.7974492410459009,
        "fHiddenOctave Tenor Soprano": 0.3158518016180956,
        "fMelodyHolds Alto": -1.1452036862358994,