{
    "model": {
        "fConsOctave Bass Tenor": -2.92914840459548e-3,
        "fRootDoubling Tenor Alto": -1.8986644146483288e-2,
        "fCrossing Tenor Alto": -0.2963987989049015,
        "fRelOblique Alto Soprano": 0.37426873789977794,
        "fRelSimilar Alto Soprano": -9.81497268848344e-2,
        "fParFifth Tenor Soprano": -7.097623263866861e-3,
        "fSkipThenStep Soprano": -7.017744512732e-2,
        "fHiddenFifth Bass Soprano": -1.8945863820735955e-2,
        "fOverlap Bass Tenor": -0.2643629531064225,
        "fRelStationary Bass Tenor": 0.3614614750554667,
        "fForeignDoubling Tenor Soprano": 3.267619698952953e-2,
        "fSLeapThenConStep Alto": 2.6478520242455166e-3,
        "fMelodyStep Soprano": 0.40211847148525887,
        "fLLeapThenElse Soprano": -0.2269471912693979,
        "fConsFifth Bass Soprano": -2.018872190889075e-3,
        "fLLeapThenConStep Tenor": -5.430387843989301e-2,
        "fSLeapThenElse Tenor": -8.436254069815624e-2,
        "fRelContrary Tenor Soprano": -8.891171179203664e-2,
        "f5thDoubling Alto Soprano": 1.703523008965927e-2,
        "fRelContrary Tenor Alto": -0.1425779749387442,
        "fUnison Bass Tenor": 1.2063406783800827e-2,
        "fConsFifth Bass Alto": -1.0607830614641795e-3,
        "fNearestTone Bass": -0.2546390767836279,
        "fMelodyStays Bass": -0.1770281227334001,
        "fRelParallel Tenor Alto": 6.523223562110042e-2,
        "f5thDoubling Bass Alto": 2.5638208215482166e-2,
        "fTensionDoubling Alto Soprano": -2.390142513831248e-2,
        "fTooFarAT": -0.1417684937063631,
        "fParOctave Bass Soprano": -5.431891592152449e-3,
        "f3rdDoubling Bass Tenor": 4.612173118213739e-2,
        "fNoDoubling Bass Soprano": 8.653346338347129e-3,
        "fMelodyStays Soprano": -9.359645441106673e-2,
        "fLTDoubling Tenor Alto": 2.1404856431347322e-3,
        "fNearestTone Soprano": -0.30409114472657767,
        "fUnison Tenor Soprano": -3.4675753329417275e-2,
        "fSkipThenArpg Alto": -4.426908306877379e-3,
        "fForeignLT Tenor": -4.796006131432808e-2,
        "fMelodySkip Bass": -0.19294594130539083,
        "fMelodyLeap Tenor": -0.36817326292582975,
        "fHiddenOctave Tenor Alto": -9.329146204440565e-3,
        "fOutOfRange Bass": -8.737672150863864e-2,
        "fRelStationary Alto Soprano": 0.46244920714386367,
        "fRootDoubling Bass Alto": 0.2679320730558003,
        "fOverlap Alto Soprano": -0.4029359755139663,
        "fCrossing Bass Alto": -0.1023244688319383,
        "fCrossing Bass Soprano": -3.935214197472819e-2,
        "fConsOctave Alto Soprano": -8.100142994701908e-4,
        "fRootDoubling Bass Soprano": 0.19486084596200778,
        "fRelSimilar Bass Tenor": -0.11829345163271188,
        "fMelodyOverleap Bass": -0.3232879246936122,
        "fTooFarSA": -0.1733421987258118,
        "fHiddenFifth Tenor Alto": -3.7758511256133272e-3,
        "fRelOblique Bass Tenor": 0.30109249712119623,
        "fHiddenFifth Tenor Soprano": -8.557256933838466e-3,
        "fOutOfRange Soprano": -0.19484571109548418,
        "fDissLeap Bass": -0.27514145353467356,
        "fForeignDoubling Alto Soprano": -5.458030742985423e-3,
        "fSLeapThenConStep Tenor": 2.3201135126034653e-2,
        "fMelodyOverleap Soprano": -0.25494846609426625,
        "fConsOctave Bass Alto": -2.4068542004705494e-3,
        "fCommonTone Bass": -1.4919986051054294e-2,
        "fRelOblique Tenor Soprano": 0.3368155781429701,
        "fParFifth Alto Soprano": -9.827085131613516e-3,
        "fRelStationary Bass Alto": 0.29726769395048663,
        "fOverlap Bass Alto": -0.12220586514788521,
        "fRelSimilar Tenor Soprano": -0.13189662578999714,
        "fMelodySkip Tenor": -0.1771047064323139,
        "fNoDoubling Tenor Alto": 0.3002109430966512,
        "fHiddenOctave Bass Soprano": -2.010971677487826e-2,
        "fLTDoubling Bass Soprano": 1.0641517940026893e-2,
        "fHiddenOctave Bass Alto": -4.5087221547308415e-4,
        "fRelParallel Bass Soprano": 2.0404389643218886e-2,
        "fParOctave Tenor Alto": -2.235867121741383e-3,
        "fTensionDoubling Bass Tenor": -1.064621230232045e-2,
        "fNoDoubling Tenor Soprano": 7.49398522373369e-2,
        "fParOctave Tenor Soprano": -5.197872620610663e-3,
        "fRelParallel Bass Alto": 2.736582153310272e-2,
        "fLTDoubling Bass Alto": 2.9992923565878554e-3,
        "fForeign Bass": -0.22364359815959392,
        "f3rdDoubling Alto Soprano": 2.676987677580861e-3,
        "fNearestTone Tenor": -0.3451868103585779,
        "fForeign Alto": -0.1972035400105666,
        "fParOctave Bass Tenor": 4.894489212900227e-2,
        "fHiddenOctave Alto Soprano": -8.614930096339889e-3,
        "fConsFifth Tenor Soprano": -8.767763369387176e-4,
        "f3rdDoubling Bass Soprano": 4.290718375809697e-2,
        "fMelodyStays Tenor": -5.173925376214127e-3,
        "fMelodyLeap Soprano": -0.4227105174109842,
        "fLTDoubling Alto Soprano": -1.507313866435179e-3,
        "fTensionDoubling Tenor Alto": -2.3297441505403946e-2,
        "fRelParallel Alto Soprano": 6.759339102671813e-2,
        "fRelContrary Bass Alto": 8.03709883236668e-4,
        "fNoDoubling Bass Tenor": -0.10978937593382476,
        "fForeignLT Soprano": -9.52601186888873e-3,
        "fSkipThenElse Soprano": -9.942994756227247e-2,
        "fMelodyStep Bass": 0.4405859527086056,
        "fCommonTone Tenor": -6.791388862685283e-2,
        "fSLeapThenSimStep Soprano": -2.756029170199277e-2,
        "fParFifth Bass Tenor": -8.732351125387507e-3,
        "fDissLeap Tenor": -0.22829274618019277,
        "fSLeapThenSimStep Alto": -3.462888867516464e-2,
        "fForeignDoubling Bass Tenor": 6.962832278068577e-2,
        "fSkipThenElse Alto": -7.908489170369112e-2,
        "fSkipThenStep Bass": -8.332683577706212e-2,
        "fLLeapThenElse Bass": -0.28196988456236216,
        "fSLeapThenConStep Soprano": -1.7262155960665507e-2,
        "fHiddenFifth Bass Alto": 2.4306429789337683e-2,
        "fChord": 1,
        "fParFifth Tenor Alto": -9.432015526937955e-3,
        "fOutOfRange Tenor": -0.16417677276105783,
        "fSkipThenStep Alto": -6.944914524043884e-2,
        "fMelodyOverleap Tenor": -0.28302334096941234,
        "fSLeapThenSimStep Bass": -1.868130651990719e-2,
        "fCrossing Tenor Soprano": -0.157712940312251,
        "fSkipThenElse Bass": -7.690793369357025e-2,
        "fLLeapThenElse Alto": -0.2238942811323768,
        "fRootDoubling Tenor Soprano": 5.700904932353138e-2,
        "fMelodyStep Alto": 0.4339300772186204,
        "fForeignDoubling Tenor Alto": -8.063023747203416e-3,
        "fRelParallel Bass Tenor": 8.081575679950663e-2,
        "fSkipThenArpg Bass": -4.625673353170738e-3,
        "fNoDoubling Alto Soprano": 0.29107346857822275,
        "fMelodySkip Soprano": -0.2043951860165859,
        "fTensionDoubling Bass Alto": -2.9983580882496277e-2,
        "f3rdDoubling Tenor Alto": -8.380443660755717e-3,
        "fMelodySkip Alto": -0.16442473384853692,
        "fHiddenOctave Bass Tenor": 1.4647938571911371e-3,
        "fParOctave Alto Soprano": -2.276386422849696e-3,
        "fLTDoubling Bass Tenor": 1.2129849241034848e-2,
        "fTensionDoubling Bass Soprano": -2.3837000005030307e-2,
        "f3rdDoubling Tenor Soprano": 6.33168466212432e-2,
        "fNoDoubling Bass Alto": -4.040313719503906e-2,
        "fParOctave Bass Alto": -6.38995591767481e-3,
        "fSkipThenArpg Soprano": -4.419500439989751e-3,
        "fLTDoubling Tenor Soprano": 1.6617766863241155e-2,
        "fForeign Tenor": -0.23216411718004018,
        "fHiddenOctave Tenor Soprano": -1.2822071879991454e-3,
        "fRelParallel Tenor Soprano": 4.7209702198976765e-2,
        "f5thDoubling Bass Soprano": 1.8408787974572604e-3,
        "fRelContrary Bass Tenor": 1.4619585433476365e-2,
        "fConsFifth Alto Soprano": -1.0071093762793594e-3,
        "fMelodyStays Alto": 5.5234834236317434e-3,
        "fUnison Tenor Alto": -3.005022627681702e-2,