{
    "model": {
        "fConsOctave Bass Tenor": -2.000641397692637e-3,
        "fRootDoubling Tenor Alto": -3.927449171945099e-2,
        "fCrossing Tenor Alto": -0.2813188673468981,
        "fRelOblique Alto Soprano": 0.2655084331295486,
        "fRelSimilar Alto Soprano": -5.496471259870471e-2,
        "fParFifth Tenor Soprano": -7.262575736947904e-3,
        "fSkipThenStep Soprano": -5.7055039403626946e-2,
        "fHiddenFifth Bass Soprano": -1.7707720580621585e-2,
        "fOverlap Bass Tenor": -0.2484133968805775,
        "fRelStationary Bass Tenor": 0.2193196046753366,
        "fForeignDoubling Tenor Soprano": -2.0757636668434647e-2,
        "fSLeapThenConStep Alto": -2.3563461979505588e-3,
        "fMelodyStep Soprano": 0.41287732289756146,
        "fLLeapThenElse Soprano": -0.20954151391574713,
        "fConsFifth Bass Soprano": -2.943428245245911e-3,
        "fLLeapThenConStep Tenor": -4.7633774493208464e-2,
        "fSLeapThenElse Tenor": -7.860013301872966e-2,
        "fMelodyHolds Bass": 0.3526630542579768,
        "fRelContrary Tenor Soprano": -4.026879639887776e-2,
        "f5thDoubling Alto Soprano": 1.4133702087312015e-2,
        "fRelContrary Tenor Alto": -0.10507529563294953,
        "fUnison Bass Tenor": 3.1393326864475886e-2,
        "fConsFifth Bass Alto": -1.812510276303532e-3,
        "fNearestTone Bass": -0.21978283976979693,
        "fMelodyStays Bass": -0.12554379523587872,
        "fRelParallel Tenor Alto": 6.007433940795083e-2,
        "f5thDoubling Bass Alto": 2.5330522311533554e-2,
        "fTensionDoubling Alto Soprano": -2.2282931306980742e-2,
        "fTooFarAT": -0.3212505674110739,
        "fParOctave Bass Soprano": -4.162716763326432e-3,
        "f3rdDoubling Bass Tenor": 2.7655503326498024e-2,
        "fNoDoubling Bass Soprano": 8.006219186223656e-2,
        "fMelodyStays Soprano": -5.830382054614536e-3,
        "fLTDoubling Tenor Alto": -1.1306604316983585e-2,
        "fNearestTone Soprano": -0.2845830349592634,
        "fUnison Tenor Soprano": -3.436154256049961e-2,
        "fSkipThenArpg Alto": -1.1029086758072078e-2,
        "fForeignLT Tenor": 3.8228759996101924e-2,
        "fMelodySkip Bass": -0.16990743225966148,
        "fMelodyHolds Soprano": 0.5664624497199986,
        "fMelodyLeap Tenor": -0.3132524729245262,
        "fHiddenOctave Tenor Alto": -9.970303909197634e-3,
        "fOutOfRange Bass": -0.18457203902920225,
        "fRelStationary Alto Soprano": 0.42711316325260024,
        "fRootDoubling Bass Alto": 0.2674689621561455,
        "fOverlap Alto Soprano": -0.4016908547516526,
        "fCrossing Bass Alto": -7.699736530959175e-2,
        "fCrossing Bass Soprano": -2.4697115801996506e-2,
        "fConsOctave Alto Soprano": -4.3082869533897137e-4,
        "fRootDoubling Bass Soprano": 0.1939830563858271,
        "fRelSimilar Bass Tenor": -7.49049786643999e-2,
        "fMelodyOverleap Bass": -0.29418394963935823,
        "fTooFarSA": -0.33254267659512693,
        "fHiddenFifth Tenor Alto": -1.4718947353827437e-3,
        "fRelOblique Bass Tenor": 0.2900463983746045,
        "fHiddenFifth Tenor Soprano": -6.577899901458708e-3,
        "fOutOfRange Soprano": -0.1905478671061261,
        "fDissLeap Bass": -0.2566459569382224,
        "fForeignDoubling Alto Soprano": -2.257202543125207e-2,
        "fSLeapThenConStep Tenor": 2.3871707099918413e-2,
        "fMelodyOverleap Soprano": -0.2328754567459358,
        "fConsOctave Bass Alto": -1.6603511158506813e-3,
        "fCommonTone Bass": -7.995986340053687e-3,
        "fParUnison Bass Soprano": -1.531703928887069e-4,
        "fRelOblique Tenor Soprano": 0.24297499086726093,
        "fParFifth Alto Soprano": -1.076912182342589e-2,
        "fRelStationary Bass Alto": 0.22621834985304753,
        "fOverlap Bass Alto": -9.918995742897799e-2,
        "fRelSimilar Tenor Soprano": -8.301844163997475e-2,
        "fMelodySkip Tenor": -0.1677063373987918,
        "fNoDoubling Tenor Alto": 0.349830388539358,
        "fHiddenOctave Bass Soprano": -1.5940590056367294e-2,
        "fLTDoubling Bass Soprano": -1.3764459012384708e-2,
        "fHiddenOctave Bass Alto": 3.06708727426508e-4,
        "fRelParallel Bass Soprano": 2.8967428818794435e-2,
        "fParOctave Tenor Alto": -1.7605530720115903e-3,
        "fTensionDoubling Bass Tenor": -2.560395615634706e-2,
        "fNoDoubling Tenor Soprano": 0.13411365436891312,
        "fParOctave Tenor Soprano": -3.0688755114572624e-3,
        "fRelParallel Bass Alto": 3.527146842708176e-2,
        "fLTDoubling Bass Alto": -1.8975525776217212e-2,
        "fForeign Bass": -0.4974076170026211,
        "f3rdDoubling Alto Soprano": 1.409545137741004e-3,
        "fNearestTone Tenor": -0.3140775633514465,
        "fForeign Alto": -0.43764830436261676,
        "fParOctave Bass Tenor": -3.674260107195869e-3,
        "fMelodyHolds Tenor": 0.3344731213084056,
        "fHiddenOctave Alto Soprano": -7.6638138199149365e-3,
        "fConsFifth Tenor Soprano": -4.929992337252805e-4,
        "f3rdDoubling Bass Soprano": 4.918854324195047e-2,
        "fMelodyStays Tenor": 6.358568970589365e-2,
        "fMelodyLeap Soprano": -0.38696474540191134,
        "fLTDoubling Alto Soprano": -1.624817376735489e-2,
        "fTensionDoubling Tenor Alto": -2.1940323099258086e-2,
        "fRelParallel Alto Soprano": 7.736736147352441e-2,
        "fRelContrary Bass Alto": 4.467369275124166e-2,
        "fNoDoubling Bass Tenor": 7.1485159711164896e-3,
        "fForeignLT Soprano": 2.0368404928340553e-2,
        "fSkipThenElse Soprano": -9.568681446649113e-2,
        "fMelodyStep Bass": 0.49457175991437247,
        "fCommonTone Tenor": -7.624264596126176e-2,
        "fSLeapThenSimStep Soprano": -2.18304977907018e-2,
        "fParFifth Bass Tenor": -6.6735194640581644e-3,
        "fParUnison Tenor Alto": -1.034831953346009e-3,
        "fParUnison Tenor Soprano": -7.313119267490061e-4,
        "fDissLeap Tenor": -0.19395472608087286,
        "fSLeapThenSimStep Alto": -3.414311059680315e-2,
        "fForeignDoubling Bass Tenor": -2.9350789800494867e-2,
        "fSkipThenElse Alto": -7.708695841036174e-2,
        "fSkipThenStep Bass": -7.13007083562241e-2,
        "fLLeapThenElse Bass": -0.2638979697432553,
        "fSLeapThenConStep Soprano": -1.3544068963715074e-2,
        "fHiddenFifth Bass Alto": 2.5941893948738293e-2,
        "fChord": 1,
        "fParFifth Tenor Alto": -9.730829928302485e-3,
        "fOutOfRange Tenor": -0.2471843344525534,
        "fSkipThenStep Alto": -6.54181654071824e-2,
        "fMelodyOverleap Tenor": -0.2333257513316838,
        "fSLeapThenSimStep Bass": -1.4585333106756282e-2,
        "fCrossing Tenor Soprano": -0.15174204918273168,
        "fSkipThenElse Bass": -7.518237373535068e-2,
        "fParUnison Bass Tenor": 4.789805656016663e-4,
        "fLLeapThenElse Alto": -0.17681251460311623,
        "fRootDoubling Tenor Soprano": 4.205770920874108e-2,
        "fMelodyStep Alto": 0.42334727627159063,
        "fForeignDoubling Tenor Alto": -1.9855479230484776e-2,
        "fRelParallel Bass Tenor": 4.2790426026843076e-2,
        "fSkipThenArpg Bass": -3.4273764491448504e-3,
        "fNoDoubling Alto Soprano": 0.3383827858115278,
        "fMelodySkip Soprano": -0.18822769527505745,
        "fTensionDoubling Bass Alto": -2.940119943143811e-2,
        "f3rdDoubling Tenor Alto": -9.855349869571862e-3,
        "fMelodySkip Alto": -0.1597537992921087,
        "fHiddenOctave Bass Tenor": 5.051130848816192e-3,
        "fParOctave Alto Soprano": -2.278659976214173e-3,
        "fLTDoubling Bass Tenor": -2.2162103855375037e-2,
        "fTensionDoubling Bass Soprano": -2.419830491912072e-2,
        "f3rdDoubling Tenor Soprano": 6.328360057092622e-2,
        "fNoDoubling Bass Alto": 5.643350999940051e-3,
        "fParOctave Bass Alto": -5.771658266151785e-3,
        "fSkipThenArpg Soprano": -1.0771579452103877e-2,
        "fLTDoubling Tenor Soprano": -1.0180398645606605e-2,
        "fForeign Tenor": -0.4972808692995865,