{"model":{"fConsOctave Bass Tenor":-2.3022207300370874e-3,"fCrossing Tenor 
Alto":-0.19586948124654685,"fParFifth Tenor Soprano":-7.890200526864493e-4,"fHiddenFifth 
Bass Soprano":-1.328890460753811e-2,"fOverlap Bass Tenor":-0.19222999824523376,"fMelodyStep Soprano":0.24306462592240674,"fConsFifth Bass Soprano":-4.277392145709705e-3,"fUnison Bass Tenor":5.5740992154619355e-3,"fConsFifth Bass Alto":-1.8116467584903798e-3,"fNearestTone Bass":-0.19168129424605088,"fMelodyStays Bass":-2.102799422611277e-2,"fTooFarAT":-0.23461197663281552,"fParOctave Bass Soprano":1.4016399187048847e-4,"fMelodyStays Soprano":3.5515300964143556e-2,"fNearestTone Soprano":-0.2596895150271555,"fUnison Tenor Soprano":-2.643525482954592e-2,"fForeignLT Tenor":-3.136489848161108e-2,"fMelodySkip Bass":-7.274481298157605e-2,"fMelodyLeap Tenor":-0.2777035216474593,"fHiddenOctave Tenor Alto":-1.3673160388352045e-2,"fOutOfRange Bass":-0.3483649164095634,"fOverlap Alto Soprano":-0.31671675627926543,"fCrossing Bass Alto":-9.242351147742082e-2,"fCrossing Bass Soprano":-6.844112650560845e-2,"fConsOctave Alto Soprano":-1.1394300323626706e-3,"fMelodyOverleap Bass":-0.3733983683390186,"fTooFarSA":-0.14130491589888852,"fHiddenFifth Tenor Alto":-1.2216704396857504e-2,"fHiddenFifth Tenor Soprano":-5.600855326313181e-3,"fOutOfRange Soprano":-0.4923844231083701,"fMelodyOverleap Soprano":-0.384112818974945,"fConsOctave Bass Alto":-2.2554993994135927e-3,"fCommonTone Bass":-1.8466415783986646e-2,"fParFifth Alto Soprano":-3.3949294317762637e-3,"fOverlap Bass Alto":-0.1244209950448226,"fMelodySkip Tenor":-9.115209368604679e-2,"fHiddenOctave Bass Soprano":-1.8108834623331002e-2,"fHiddenOctave Bass Alto":-9.761444145464147e-3,"fParOctave Tenor Alto":1.6352465718223657e-4,"fParOctave Tenor Soprano":-7.890200526864493e-4,"fForeign Bass":-9.940536241355873e-2,"fNearestTone Tenor":-0.26238701994511876,"fForeign Alto":-0.10931699390612595,"fParOctave Bass Tenor":-2.2087780687900962e-3,"fHiddenOctave Alto Soprano":-8.484702295484163e-3,"fConsFifth Tenor Soprano":-3.99706416196873e-3,"fMelodyStays Tenor":6.590228396681481e-2,"fMelodyLeap Soprano":-0.2931792290002559,"fForeignLT Soprano":-5.59569424909315e-3,"fMelodyStep Bass":0.23501090073836006,"fCommonTone Tenor":-4.307714832555641e-2,"fParFifth Bass Tenor":-2.2087780687900962e-3,"fHiddenFifth Bass Alto":1.7682393827134352e-3,"fParFifth Tenor Alto":1.6352465718223657e-4,"fOutOfRange Tenor":-0.3266394161789449,"fMelodyOverleap Tenor":-0.5168344831670109,"fCrossing Tenor Soprano":-0.15697150161813353,"fMelodyStep Alto":0.241785493678767,"fMelodySkip Soprano":-8.696051124001128e-2,"fMelodySkip Alto":-9.492557455013063e-2,"fHiddenOctave Bass Tenor":-3.862658845733141e-5,"fParOctave Alto Soprano":-3.3949294317762637e-3,"fParOctave Bass Alto":2.5696731842922893e-4,"fForeign Tenor":-0.14431844172410402,"fHiddenOctave Tenor Soprano":-7.487826648651791e-3,"fConsFifth Alto Soprano":-2.232138734101845e-3,"fMelodyStays Alto":7.857949226952124e-2,"fUnison Tenor Alto":-1.8167969702846905e-2,"fNearestTone Alto":-0.23012162214286846,"fCommonTone Alto":-4.844439699875211e-2,"fParFifth Bass Soprano":1.4016399187048847e-4,"fParFifth Bass Alto":2.5696731842922893e-4,"fCommonTone Soprano":-2.9995637531570855e-2,"fOverlap Bass Soprano":-8.820856836607359e-2,"fCrossing Alto Soprano":-0.23706343398520457,"fMelodyStep Tenor":0.2589937474907658,"fMelodyOverleap Alto":-0.37715943545421016,"fConsOctave Bass Soprano":-1.9050894197373716e-3,"fOutOfRange Alto":-0.27287318798653337,"fHiddenFifth Bass Tenor":-8.408915951042565e-3,"fUnison Bass Alto":-1.3545871925967333e-2,"fConsFifth Bass Tenor":-1.951810750360868e-3,"fForeignLT Bass":-3.9603580375085365e-2,"fMelodyLeap Bass":-0.21300357852796298,"fUnison Bass Soprano":-9.068718928277866e-3,"fForeignLT Alto":-5.0473460926027634e-2,"fMelodyLeap Alto":-0.26957015289283814,"fConsFifth Tenor Alto":1.4016399187048847e-4,"fForeign Soprano":-0.10247848509888353,"fUnison Alto Soprano":-2.912319817287001e-2,"fConsOctave Tenor Alto":7.008199593524424e-5,"fCrossing Bass Tenor":-0.14811210511647466,"fOverlap Tenor Alto":-0.25669742125418527,"fHiddenFifth Alto Soprano":-9.509719394947902e-3,"fConsOctave Tenor Soprano":2.3360665311748083e-5,"fOverlap Tenor Soprano":-0.18317839236247493}}
