{
  "model": {
    "fConsOctave Bass Tenor": -0.75101331591136,
    "fRootDoubling Tenor Alto": -3.3660667625672,
    "fCrossing Tenor Alto": -0.62074540008018,
    "fRelOblique Alto Soprano": 2.4903966076328,
    "fRelSimilar Alto Soprano": 1.1437876960594,
    "fParFifth Tenor Soprano": -1.2673978887051,
    "fSkipThenStep Soprano": -0.29764933028516,
    "fHiddenFifth Bass Soprano": -0.24344851248473,
    "fOverlap Bass Tenor": -0.18259634862837,
    "fRelStationary Bass Tenor": 3.3855973194799,
    "fForeignDoubling Tenor Soprano": 0.87624838122215,
    "fSLeapThenConStep Alto": 0.21627556373659,
    "fMelodyStep Soprano": 1.6002552512506,
    "fLLeapThenElse Soprano": -0.90097510295574,
    "fConsFifth Bass Soprano": -0.026165661216989,
    "fLLeapThenConStep Tenor": -1.1970392183499,
    "fSLeapThenElse Tenor": 0.21192008393897,
    "fRelContrary Tenor Soprano": 1.1538212125248,
    "f5thDoubling Alto Soprano": -0.10392269856206,
    "fRelContrary Tenor Alto": 1.0924367576415,
    "fUnison Bass Tenor": -1.3783399136231,
    "fConsFifth Bass Alto": 0.13837055705887,
    "fNearestTone Bass": -1.2670609969114,
    "fMelodyStays Bass": -2.6987096277052,
    "fRelParallel Tenor Alto": 1.4241917735694,
    "f5thDoubling Bass Alto": -1.5569492609671,
    "fTensionDoubling Alto Soprano": -3.132128244074,
    "fTooFarAT": -0.013635797484972,
    "fParOctave Bass Soprano": -2.6009569015653,
    "f3rdDoubling Bass Tenor": -0.48728602986822,
    "fNoDoubling Bass Soprano": -2.4810955642746,
    "fMelodyStays Soprano": -1.5200382362056,
    "fLTDoubling Tenor Alto": -0.6681427175008,
    "fNearestTone Soprano": -0.50351293477823,
    "fUnison Tenor Soprano": -0.22379150905137,
    "fSkipThenArpg Alto": -0.04012649302053,
    "fForeignLT Tenor": 1.6137383961984,
    "fMelodySkip Bass": -1.6926396300733,
    "fMelodyLeap Tenor": -1.2824034736756,
    "fHiddenOctave Tenor Alto": -1.0145294591829,
    "fOutOfRange Bass": -0.4444067094045,
    "fRelStationary Alto Soprano": 4.141569750352,
    "fRootDoubling Bass Alto": 0.2516961337656,
    "fOverlap Alto Soprano": -0.62583674083513,
    "fCrossing Bass Alto": -1.4477094314092,
    "fCrossing Bass Soprano": -1.4779462919483,
    "fConsOctave Alto Soprano": -0.013098623968242,
    "fRootDoubling Bass Soprano": -0.9058477280978,
    "fRelSimilar Bass Tenor": 2.2458462467438,
    "fMelodyOverleap Bass": -0.90718134530199,
    "fTooFarSA": -0.29594932706338,
    "fHiddenFifth Tenor Alto": 0.33933174325809,
    "fRelOblique Bass Tenor": 2.851179420206,
    "fHiddenFifth Tenor Soprano": 0.8688962484211,
    "fOutOfRange Soprano": -0.32038838047151,
    "fDissLeap Bass": -2.4503680633355,
    "fForeignDoubling Alto Soprano": 0.66639548366374,
    "fSLeapThenConStep Tenor": 0.20084769322287,
    "fMelodyOverleap Soprano": -3.6568991407149,
    "fConsOctave Bass Alto": -0.84972241218907,
    "fCommonTone Bass": 1.8752645761418,
    "fRelOblique Tenor Soprano": 1.7015597395873,
    "fParFifth Alto Soprano": -1.8609253015602,
    "fRelStationary Bass Alto": 1.0887890395744,
    "fOverlap Bass Alto": 0.050719801883847,
    "fRelSimilar Tenor Soprano": 1.0395275078477,
    "fMelodySkip Tenor": -1.2347791703022,
    "fNoDoubling Tenor Alto": -1.6748742426744,
    "fHiddenOctave Bass Soprano": -1.0963530126457,
    "fLTDoubling Bass Soprano": -1.1628844088816,
    "fHiddenOctave Bass Alto": 0.29524694603587,
    "fRelParallel Bass Soprano": 0.99648746379235,
    "fParOctave Tenor Alto": -1.0791469194313,
    "fTensionDoubling Bass Tenor": -6.8465857612649,
    "fNoDoubling Tenor Soprano": -2.5092026628502,
    "fParOctave Tenor Soprano": -2.2633852460459,
    "fRelParallel Bass Alto": 1.5780130193084,
    "fLTDoubling Bass Alto": -1.7733921247101,
    "fForeign Bass": -0.6838386267383,
    "f3rdDoubling Alto Soprano": -1.030377323459,
    "fNearestTone Tenor": -0.34107668531423,
    "fForeign Alto": -0.65836847120607,
    "fParOctave Bass Tenor": -0.62433811540546,
    "fHiddenOctave Alto Soprano": -0.48404425595007,
    "fConsFifth Tenor Soprano": 0.45219587486079,
    "f3rdDoubling Bass Soprano": -1.7746386542397,
    "fMelodyStays Tenor": -0.99835994843826,
    "fMelodyLeap Soprano": -0.67761823513606,
    "fLTDoubling Alto Soprano": -1.113622279299,
    "fTensionDoubling Tenor Alto": -3.1494606841663,
    "fRelParallel Alto Soprano": 1.0362296351186,
    "fRelContrary Bass Alto": 1.6986175911124,
    "fNoDoubling Bass Tenor": -1.4592478507911,
    "fForeignLT Soprano": 1.1228192957324,
    "fSkipThenElse Soprano": 0.1009295330513,
    "fMelodyStep Bass": 0.073890902593027,
    "fCommonTone Tenor": -0.83175415235826,
    "fSLeapThenSimStep Soprano": 0.033779854182948,
    "fParFifth Bass Tenor": -1.6948770060971,
    "fDissLeap Tenor": -2.0655564261371,
    "fSLeapThenSimStep Alto": -0.53235410074338,
    "fForeignDoubling Bass Tenor": 0.7985182473921,
    "fSkipThenElse Alto": -0.4517314404773,
    "fSkipThenStep Bass": -0.94862162663967,
    "fLLeapThenElse Bass": -1.6734061078951,
    "fSLeapThenConStep Soprano": 0.066751905416542,
    "fHiddenFifth Bass Alto": 1.9163796238756,
    "fChord": 478.26341252519,
    "fParFifth Tenor Alto": -1.695481836972,
    "fOutOfRange Tenor": -0.056201841462565,
    "fSkipThenStep Alto": -1.5070197249265,
    "fMelodyOverleap Tenor": -2.938194554928,
    "fSLeapThenSimStep Bass": -1.0634669530175,
    "fCrossing Tenor Soprano": -0.77862788087659,
    "fSkipThenElse Bass": 0.26365534405112,
    "fLLeapThenElse Alto": -1.7343354948038,
    "fRootDoubling Tenor Soprano": -3.0082882754814,
    "fMelodyStep Alto": 0.50230416981235,
    "fForeignDoubling Tenor Alto": 0.79879904037488,
    "fRelParallel Bass Tenor": 2.4460874151667,
    "fSkipThenArpg Bass": -0.038185653517934,
    "fNoDoubling Alto Soprano": -0.76123396127021,
    "fMelodySkip Soprano": -0.36044821256036,
    "fTensionDoubling Bass Alto": -8.3640759356694,
    "f3rdDoubling Tenor Alto": -1.1916635971195,
    "fMelodySkip Alto": -0.44298072346542,
    "fHiddenOctave Bass Tenor": 0.19596460560277,
    "fParOctave Alto Soprano": -1.0407582938389,
    "fLTDoubling Bass Tenor": -1.4169309134341,
    "fTensionDoubling Bass Soprano": -8.2327241071105,
    "f3rdDoubling Tenor Soprano": -1.867908955848,
    "fNoDoubling Bass Alto": -1.850280377805,
    "fParOctave Bass Alto": -3.0439539664251,
    "fSkipThenArpg Soprano": 1.0579597038488,
    "fLTDoubling Tenor Soprano": -1.0325527217555,
    "fForeign Tenor": -0.675939555441,
    "fHiddenOctave Tenor Soprano": 0.27258392319014,
    "fRelParallel Tenor Soprano": 1.0922759344072,
    "f5thDoubling Bass Soprano": -3.2908284920845,
    "fRelContrary Bass Tenor": 2.5594117961617,
    "fConsFifth Alto Soprano": 0.05424057521708,
    "fMelodyStays Alto": -0.93038024630999,
    "fUnison Tenor Alto": -0.93699880993465,
    "fNearestTone Alto": 0.00044859120242107,
    "fCommonTone Alto": -0.48871211544995,
    "fForeignDoubling Bass Alto": 0.80181791368888,
    "fDissLeap Alto": -2.1951885222298,
    "fSkipThenElse Tenor": 0.061565804503116,
    "fParFifth Bass Soprano": -1.5373595163213,
    "fParFifth Bass Alto": -1.479155953698,
    "fSLeapThenSimStep Tenor": -0.88722660963564,
    "fDissLeap Soprano": -1.6674250579339,
    "fForeignDoubling Bass Soprano": 0.81307514151747,
    "fCommonTone Soprano": 1.3694645436582,
    "fOverlap Bass Soprano": -0.91491311659289,
    "fCrossing Alto Soprano": -0.64720411032569,
    "fMelodyStep Tenor": 0.37736623887864,
    "fRelSimilar Tenor Alto": 1.6557664695181,
    "fRelStationary Bass Soprano": 2.5650682103749,
    "fLLeapThenElse Tenor": -2.1447530008214,
    "fRootDoubling Alto Soprano": -1.8272811606641,
    "fRelOblique Tenor Alto": 1.4581825712387,
    "fSkipThenStep Tenor": -0.782821939584,
    "fMelodyOverleap Alto": -2.4110990949458,
    "fConsOctave Bass Soprano": -0.3552065110492,
    "fOutOfRange Alto": -0.1377393208822,
    "fHiddenFifth Bass Tenor": 1.3777157520745,
    "fUnison Bass Alto": -1.0974679142369,