{
  "description": "big model, trained some time ago",
  "model": {"fConsOctave Bass 
Tenor":-2.2843597504575812e-2,"fRootDoubling Tenor 
Alto":-0.13131711061401308,"fCrossing Tenor Alto":-0.485554301235148,"fRelOblique Alto Soprano":0.6151730678046461,"fRelSimilar Alto Soprano":3.105475297990559e-2,"fParFifth Tenor Soprano":-5.603810061375405e-2,"fSkipThenStep Soprano":-0.3171069362866266,"fHiddenFifth Bass Soprano":-3.0061561666789943e-2,"fOverlap Bass Tenor":-0.4875289403917898,"fRelStationary Bass Tenor":1.2496091350303293,"fForeignDoubling Tenor Soprano":0.18060258204802318,"fSLeapThenConStep Alto":7.523458527558324e-2,"fMelodyStep Soprano":0.8977397214651053,"fLLeapThenElse Soprano":-0.47971040982814717,"fConsFifth Bass Soprano":-4.01107358672712e-3,"fLLeapThenConStep Tenor":-0.1759873195783209,"fSLeapThenElse Tenor":-5.845289100860615e-2,"fRelContrary Tenor Soprano":-4.2814440868789744e-2,"f5thDoubling Alto Soprano":0.13608627725068956,"fRelContrary Tenor Alto":-0.3011488869905721,"fUnison Bass Tenor":-0.12435239658328184,"fConsFifth Bass Alto":-1.883469424993013e-3,"fNearestTone Bass":-0.5127899326897155,"fMelodyStays Bass":-1.1802550447988118,"fRelParallel Tenor Alto":0.10877756479585596,"f5thDoubling Bass Alto":5.073320131400557e-2,"fTensionDoubling Alto Soprano":-0.16449909682616945,"fTooFarAT":-3.3715019771331144e-2,"fParOctave Bass Soprano":-6.746699043286047e-2,"f3rdDoubling Bass Tenor":0.14319281261778957,"fNoDoubling Bass Soprano":-8.850839152980115e-2,"fMelodyStays Soprano":-0.9866612968704919,"fLTDoubling Tenor Alto":-2.4634666027720756e-2,"fNearestTone Soprano":-0.4850536569227432,"fUnison Tenor Soprano":-6.1443940085575674e-2,"fSkipThenArpg Alto":1.824881507760479e-2,"fForeignLT Tenor":0.49756060987752115,"fMelodySkip Bass":-0.599970112554211,"fMelodyLeap Tenor":-0.7146455429429012,"fHiddenOctave Tenor Alto":-4.405560248734263e-2,"fOutOfRange Bass":0.12697414195329257,"fRelStationary Alto Soprano":1.3976983904501596,"fRootDoubling Bass Alto":1.1180519383354195,"fOverlap Alto Soprano":-0.6891905624174883,"fCrossing Bass Alto":-0.24560253627374642,"fCrossing Bass Soprano":-0.11598626361311179,"fConsOctave Alto Soprano":-2.2354893964677226e-3,"fRootDoubling Bass Soprano":0.763641665703828,"fRelSimilar Bass Tenor":2.860813367856766e-3,"fMelodyOverleap Bass":-0.7175981021669242,"fTooFarSA":-0.14875702319461515,"fHiddenFifth Tenor Alto":5.1297590252667634e-2,"fRelOblique Bass Tenor":0.5730652554930714,"fHiddenFifth Tenor Soprano":3.202751949510654e-2,"fOutOfRange Soprano":-0.4270803540592954,"fDissLeap Bass":-0.9120285170586524,"fForeignDoubling Alto Soprano":7.506657000402188e-2,"fSLeapThenConStep Tenor":0.15501887320777938,"fMelodyOverleap Soprano":-0.5832306095428926,"fConsOctave Bass Alto":-1.8868630351565337e-2,"fCommonTone Bass":4.317696524753776e-2,"fRelOblique Tenor Soprano":0.5701526461635787,"fParFifth Alto Soprano":-0.1099554710993845,"fRelStationary Bass Alto":1.0218643910221807,"fOverlap Bass Alto":-0.24452455205924248,"fRelSimilar Tenor Soprano":-0.13830677951762121,"fMelodySkip Tenor":-0.48633539980515916,"fNoDoubling Tenor Alto":0.49533212868064663,"fHiddenOctave Bass Soprano":-7.932785525731774e-2,"fLTDoubling Bass Soprano":-9.073011707481535e-2,"fHiddenOctave Bass Alto":2.7987647574689377e-2,"fRelParallel Bass Soprano":-0.11047912093185064,"fParOctave Tenor Alto":-8.62565338833822e-2,"fTensionDoubling Bass Tenor":-0.421274376380726,"fNoDoubling Tenor Soprano":-1.1187880360563188e-2,"fParOctave Tenor Soprano":-5.603810061375405e-2,"fRelParallel Bass Alto":-2.83853944700886e-2,"fLTDoubling Bass Alto":-0.1290772805533825,"fForeign Bass":-0.5592888950342169,"f3rdDoubling Alto Soprano":8.693300666284053e-2,"fNearestTone Tenor":-0.5316341764008035,"fForeign Alto":-0.4951629453758189,"fParOctave Bass Tenor":-5.8474744279636e-2,"fHiddenOctave Alto Soprano":-2.4525912660154643e-2,"fConsFifth Tenor Soprano":3.622513115119458e-3,"f3rdDoubling Bass Soprano":0.1971695160364652,"fMelodyStays Tenor":-0.6143396129327164,"fMelodyLeap Soprano":-0.9657844542980154,"fLTDoubling Alto Soprano":-4.707552092705206e-2,"fTensionDoubling Tenor Alto":-0.16492332966507742,"fRelParallel Alto Soprano":8.450996900607939e-2,"fRelContrary Bass Alto":0.21256709088372114,"fNoDoubling Bass Tenor":-0.31151508751725965,"fForeignLT Soprano":0.8013403576328454,"fSkipThenElse Soprano":-0.21241063756306616,"fMelodyStep Bass":0.9009801140758109,"fCommonTone Tenor":-0.15578072290525882,"fSLeapThenSimStep Soprano":-6.747176516343933e-2,"fParFifth Bass Tenor":-5.8474744279636e-2,"fDissLeap Tenor":-0.6524959765989266,"fSLeapThenSimStep Alto":-0.12486678896290655,"fForeignDoubling Bass Tenor":0.30549462578423914,"fSkipThenElse Alto":-8.650030558275704e-2,"fSkipThenStep Bass":-0.42377165517890164,"fLLeapThenElse Bass":-0.6845897740897396,"fSLeapThenConStep Soprano":-4.487534086051831e-2,"fHiddenFifth Bass Alto":0.22997509563666918,"fChord":11.041940620942807,"fParFifth Tenor Alto":-8.62565338833822e-2,"fOutOfRange Tenor":1.0800614196087067e-2,"fSkipThenStep Alto":-0.33674537948138095,"fMelodyOverleap Tenor":-0.6709605621459988,"fSLeapThenSimStep Bass":-0.13898036378238204,"fCrossing Tenor Soprano":-0.27393663198554974,"fSkipThenElse Bass":-7.563580470231249e-2,"fLLeapThenElse Alto":-0.5453081129696516,"fRootDoubling Tenor Soprano":4.618663971982343e-3,"fMelodyStep Alto":0.9121476485596264,"fForeignDoubling Tenor Alto":6.36381142513318e-2,"fRelParallel Bass Tenor":0.16934981270428728,"fSkipThenArpg Bass":5.798669578542051e-3,"fNoDoubling Alto Soprano":0.474091759430606,"fMelodySkip Soprano":-0.6024566107210294,"fTensionDoubling Bass Alto":-0.3718460023903646,"f3rdDoubling Tenor Alto":3.11124127842188e-2,"fMelodySkip Alto":-0.39855863116603185,"fHiddenOctave Bass Tenor":2.4573162762594407e-2,"fParOctave Alto Soprano":-0.1099554710993845,"fLTDoubling Bass Tenor":-0.12673520812143002,"fTensionDoubling Bass Soprano":-0.36795743023842453,"f3rdDoubling Tenor Soprano":0.2713261881265943,"fNoDoubling Bass Alto":-0.2944819504135142,"fParOctave Bass Alto":-5.364443741519915e-2,"fSkipThenArpg Soprano":3.1905886193152266e-2,"fLTDoubling Tenor Soprano":-4.674028748771201e-2,"fForeign Tenor":-0.5644329451043305,"fHiddenOctave Tenor Soprano":1.011147456939032e-2,"fRelParallel Tenor Soprano":-2.204172688351677e-2,"f5thDoubling Bass Soprano":-5.769465590055684e-2,"fRelContrary Bass Tenor":0.24934539627580526,"fConsFifth Alto Soprano":-1.5817380208718498e-4,"fMelodyStays Alto":-0.5629874644775829,"fUnison Tenor Alto":-8.753444119710165e-2,"fNearestTone Alto":-0.35262100351104486,"fCommonTone Alto":-7.053299883386092e-2,"fForeignDoubling Bass Alto":0.27231734327361223,"fDissLeap Alto":-0.5957026793420374,"fSkipThenElse Tenor":-9.82021284722943e-2,"fParFifth Bass Soprano":-6.746699043286047e-2,"fParFifth Bass Alto":-5.364443741519915e-2,"fSLeapThenSimStep Tenor":-0.12457236565881162,"fDissLeap Soprano":-0.5405491508398161,"fForeignDoubling Bass Soprano":0.2381695277167982,"fCommonTone Soprano":7.268405047418992e-2,"fOverlap Bass Soprano":-0.117337614964463,"fCrossing Alto Soprano":-0.5918893585224448,"fMelodyStep Tenor":0.9267322722540329,"fRelSimilar Tenor Alto":0.18433291726094297,"fRelStationary Bass Soprano":1.5422913198081387,"fLLeapThenElse Tenor":-0.6322042160949927,"fRootDoubling Alto Soprano":2.6564880459687305e-2,"fRelOblique Tenor Alto":0.5509825764162084,"fSkipThenStep Tenor":-0.3106802752012644,"fMelodyOverleap Alto":-0.6789680931193991,"fConsOctave Bass Soprano":-1.1184755082365268e-2,"fOutOfRange Alto":9.215911896197819e-2,"fHiddenFifth Bass Tenor":0.16225065646626396,"fUnison Bass Alto":-7.675496208942859e-2,"fSLeapThenElse Alto":-0.1249183797295085,"f5thDoubling Tenor Alto":0.23039115224271864,"fConsFifth Bass Tenor":-3.335397911051444e-3,"fForeignLT Bass":0.2897087193367591,"fLLeapThenConStep Alto":-0.16879815374979726,"fLLeapThenConStep Soprano":-0.16919358825501488,"fSLeapThenElse Soprano":-0.13821612277355488,"f5thDoubling Tenor Soprano":0.3681580083833221,