{
  "description": "model trained with power = 5.0 and reset = 1",
  "model": {"fConsOctave Bass Tenor":-1.5205232429634974e-2,"fRootDoubling Tenor 
Alto":1.03120138061532,"fCrossing Tenor Alto":-10.93379892936274,"fRelOblique Alto Soprano":14.66310728744939,"fRelSimilar Alto Soprano":3.971763020426204,"fParFifth Tenor Soprano":-0.12212987272031336,"fSkipThenStep Soprano":0.9907162919076847,"fHiddenFifth Bass Soprano":-0.19819282791635467,"fOverlap Bass Tenor":-8.18538231076513,"fRelStationary Bass Tenor":11.925346097241466,"fForeignDoubling Tenor Soprano":2.2555650495695363,"fSLeapThenConStep Alto":1.0818508520353434,"fMelodyStep Soprano":13.249742987757218,"fLLeapThenElse Soprano":-4.4564099419397625,"fConsFifth Bass Soprano":-9.6298727203135e-3,"fLLeapThenConStep Tenor":-2.1089647676242746,"fSLeapThenElse Tenor":0.1445113667606484,"fRelContrary Tenor Soprano":4.44778460029003,"f5thDoubling Alto Soprano":1.0301117403515947,"fRelContrary Tenor Alto":1.6268986156110339,"fUnison Bass Tenor":-0.6551289239179073,"fConsFifth Bass Alto":-2.2976651913508034e-2,"fNearestTone Bass":-5.792014156563179,"fMelodyStays Bass":-0.341267244214192,"fRelParallel Tenor Alto":2.9836778357601474,"f5thDoubling Bass Alto":1.3545857884494101,"fTensionDoubling Alto Soprano":3.134969837787131e-2,"fTooFarAT":-1.985046591049992,"fParOctave Bass Soprano":1.4473212504784446e-2,"f3rdDoubling Bass Tenor":2.5718364717488673,"fNoDoubling Bass Soprano":10.551283443937097,"fMelodyStays Soprano":-0.12287604381741998,"fLTDoubling Tenor Alto":0.25131915880041217,"fNearestTone Soprano":-5.279882828293717,"fUnison Tenor Soprano":-0.6117757969131576,"fSkipThenArpg Alto":0.3073535555831097,"fForeignLT Tenor":-0.6251664447403462,"fMelodySkip Bass":0.868910481032038,"fMelodyLeap Tenor":-6.519569184407298,"fHiddenOctave Tenor Alto":1.657567238284178e-2,"fOutOfRange Bass":-3.408566984910809,"fRelStationary Alto Soprano":15.436758141641107,"fRootDoubling Bass Alto":8.711924990700656,"fOverlap Alto Soprano":-9.595250462271625,"fCrossing Bass Alto":-7.126300290570736,"fCrossing Bass Soprano":-3.7497058577766764,"fConsOctave Alto Soprano":2.102459878057327e-3,"fRootDoubling Bass Soprano":7.501824086103812,"fRelSimilar Bass Tenor":3.0230087952904894,"fMelodyOverleap Bass":-6.621148320458019,"fTooFarSA":-2.442509514978679,"fHiddenFifth Tenor Alto":0.3169098422076908,"fRelOblique Bass Tenor":13.364877329552504,"fHiddenFifth Tenor Soprano":0.13570387930802105,"fOutOfRange Soprano":-6.029982695137929,"fDissLeap Bass":-4.032558680194288,"fForeignDoubling Alto Soprano":0.9839144298829644,"fSLeapThenConStep Tenor":1.3371509377510147,"fMelodyOverleap Soprano":-6.966195747101031,"fConsOctave Bass Alto":-1.9654158827366507e-2,"fCommonTone Bass":-1.7670861927686172,"fRelOblique Tenor Soprano":14.502147406696604,"fParFifth Alto Soprano":-0.10409016048777088,"fRelStationary Bass Alto":10.777118969579016,"fOverlap Bass Alto":-6.677764330420434,"fRelSimilar Tenor Soprano":2.698006706307918,"fMelodySkip Tenor":0.732514609400691,"fNoDoubling Tenor Alto":16.62408293665127,"fHiddenOctave Bass Soprano":2.8120805188224022e-2,"fLTDoubling Bass Soprano":0.5252773629762213,"fHiddenOctave Bass Alto":0.3529324598241475,"fRelParallel Bass Soprano":1.8590289869917056,"fParOctave Tenor Alto":0,"fTensionDoubling Bass Tenor":-0.19291504714361976,"fNoDoubling Tenor Soprano":11.523355162078081,"fParOctave Tenor Soprano":1.892213890251592e-2,"fRelParallel Bass Alto":2.0739679078367823,"fLTDoubling Bass Alto":0.11882739343493397,"fForeign Bass":-1.2683073041612525,"f3rdDoubling Alto Soprano":1.1805696318538836,"fNearestTone Tenor":-5.327644854094675,"fForeign Alto":-1.5549874121953442,"fParOctave Bass Tenor":1.5900980878396973,"fHiddenOctave Alto Soprano":3.897071111662183e-2,"fConsFifth Tenor Soprano":6.9457996625282275e-3,"f3rdDoubling Bass Soprano":2.604817395968666,"fMelodyStays Tenor":6.339725170757093e-3,"fMelodyLeap Soprano":-6.977968713779737,"fLTDoubling Alto Soprano":0.17910350302161182,"fTensionDoubling Tenor Alto":-4.9613403451268565e-2,"fRelParallel Alto Soprano":2.9352844655169616,"fRelContrary Bass Alto":6.7153356927605286,"fNoDoubling Bass Tenor":7.828795411785636,"fForeignLT Soprano":1.6562265157927087,"fSkipThenElse Soprano":-0.22167427236019954,"fMelodyStep Bass":11.81468857986922,"fCommonTone Tenor":-2.521829261389672,"fSLeapThenSimStep Soprano":5.2471131608597336e-2,"fParFifth Bass Tenor":-0.14525693137894435,"fDissLeap Tenor":-3.8904938489571266,"fSLeapThenSimStep Alto":-0.2645122966948253,"fForeignDoubling Bass Tenor":2.4516618867151494,"fSkipThenElse Alto":0.18552773090669916,"fSkipThenStep Bass":0.21976871593610664,"fLLeapThenElse Bass":-4.884630074879918,"fSLeapThenConStep Soprano":0.6832090950257955,"fHiddenFifth Bass Alto":1.0514939594710422,"fChord":52.660360727120555,"fParFifth Tenor Alto":-9.778278085359873e-2,"fOutOfRange Tenor":-5.213871248591621,"fSkipThenStep Alto":0.6181697008576957,"fMelodyOverleap Tenor":-6.885720658555127,"fSLeapThenSimStep Bass":0.2795000053909221,"fCrossing Tenor Soprano":-8.60064623686637,"fSkipThenElse Bass":1.0019205836212985,"fLLeapThenElse Alto":-4.767854803581729,"fRootDoubling Tenor Soprano":3.3797626781026096,"fMelodyStep Alto":12.891709636813536,"fForeignDoubling Tenor Alto":0.9333049860644655,"fRelParallel Bass Tenor":3.4052394378345725,"fSkipThenArpg Bass":0.3951688571782838,"fNoDoubling Alto Soprano":18.185829757354572,"fMelodySkip Soprano":0.47239119770131,"fTensionDoubling Bass Alto":-0.3737098174094461,"f3rdDoubling Tenor Alto":0.9106659406890665,"fMelodySkip Alto":0.9469487377154344,"fHiddenOctave Bass Tenor":0.3994305837830258,"fParOctave Alto Soprano":0,"fLTDoubling Bass Tenor":0.3811468649088669,"fTensionDoubling Bass Soprano":9.47243082098364e-2,"f3rdDoubling Tenor Soprano":3.203868054469888,"fNoDoubling Bass Alto":8.835732990290953,"fParOctave Bass Alto":-7.039399559022538e-3,"fSkipThenArpg Soprano":0.3622615190542172,"fLTDoubling Tenor Soprano":0.7633433424799323,"fForeign Tenor":-1.735842223863458,"fHiddenOctave Tenor Soprano":0.4426430077036286,"fRelParallel Tenor Soprano":2.356750378712325,"f5thDoubling Bass Soprano":0.6911276867011322,"fRelContrary Bass Tenor":6.430136403823243,"fConsFifth Alto Soprano":-1.755169894930915e-2,"fMelodyStays Alto":3.335734540181209e-2,"fUnison Tenor Alto":0.6633845156525433,"fNearestTone Alto":-4.332636511641698,"fCommonTone Alto":-1.9796386194924978,"fForeignDoubling Bass Alto":2.4500642193674285,"fDissLeap Alto":-4.156961433338544,"fSkipThenElse Tenor":0.323838862623115,"fParFifth Bass Soprano":-0.11719293303934852,"fParFifth Bass Alto":-8.071909518752313e-2,"fSLeapThenSimStep Tenor":-0.13010527124427887,"fDissLeap Soprano":-3.95987502493302,"fForeignDoubling Bass Soprano":2.525375140837856,"fCommonTone Soprano":-1.1168276980220702,"fOverlap Bass Soprano":-3.438167396238216,"fCrossing Alto Soprano":-11.471129452228334,"fMelodyStep Tenor":13.294723499571418,"fRelSimilar Tenor Alto":4.569596880272995,"fRelStationary Bass Soprano":14.02371790379358,"fLLeapThenElse Tenor":-5.232328016086511,"fRootDoubling Alto Soprano":1.8056386356652678,"fRelOblique Tenor Alto":14.83840028410163,"fSkipThenStep Tenor":0.8126456223011693,"fMelodyOverleap Alto":-6.821182822363702,"fConsOctave Bass Soprano":3.784427780503184e-2,"fOutOfRange Alto":-4.704852571739708,"fHiddenFifth Bass Tenor":0.6596108023310355,"fUnison Bass Alto":-1.3203583481134462,"fSLeapThenElse Alto":-0.2253343719844526,"f5thDoubling Tenor Alto":1.5564587297907777,"fConsFifth Bass Tenor":-4.424525733569809e-2,"fForeignLT Bass":-1.0402166881405088,"fLLeapThenConStep Alto":-2.0020033342857317,"fLLeapThenConStep Soprano":-2.3184787355051575,"fSLeapThenElse Soprano":-0.14226881027725496,"f5thDoubling Tenor Soprano":2.8757339067478176,"fMelodyLeap Bass":-3.1168336954236433,"fRelContrary Alto Soprano":1.3142872930559515,"fUnison Bass Soprano":-0.5155138627578886,"fForeignLT Alto":-1.1694227534677109,"fRelContrary Bass Soprano":6.994514870860447,