{
    "model": {
        "fConsOctave Bass Tenor": -1.165790038258623e-2,
        "fRootDoubling Tenor Alto": -9.180463782018983e-2,
        "fCrossing Tenor Alto": -0.4475855592557674,
        "fRelOblique Alto Soprano": 0.36401565075697456,
        "fRelSimilar Alto Soprano": 3.261538176222337e-2,
        "fParFifth Tenor Soprano": -3.4287600151230536e-2,
        "fSkipThenStep Soprano": -0.15446696932439827,
        "fHiddenFifth Bass Soprano": -2.980707993173557e-2,
        "fOverlap Bass Tenor": -0.4823894421878347,
        "fRelStationary Bass Tenor": 0.4597722185154542,
        "fForeignDoubling Tenor Soprano": -3.7191158662646724e-2,
        "fSLeapThenConStep Alto": 2.813983512164407e-2,
        "fMelodyStep Soprano": 0.9652568537392673,
        "fLLeapThenElse Soprano": -0.3806358341303001,
        "fConsFifth Bass Soprano": -9.4792620726252e-3,
        "fLLeapThenConStep Tenor": -6.457699079087063e-2,
        "fSLeapThenElse Tenor": -0.1096248446283452,
        "fMelodyHolds Bass": 0.8668631089841802,
        "fRelContrary Tenor Soprano": 6.606935950840806e-2,
        "f5thDoubling Alto Soprano": 6.891095902824705e-2,
        "fRelContrary Tenor Alto": -0.12567601685453164,
        "fUnison Bass Tenor": 8.131898469865805e-2,
        "fConsFifth Bass Alto": -3.978863132588211e-5,
        "fNearestTone Bass": -0.42704332956661994,
        "fMelodyStays Bass": -0.4868699624073302,
        "fRelParallel Tenor Alto": 5.6686281394136284e-2,
        "f5thDoubling Bass Alto": 2.1196339614513907e-2,
        "fTensionDoubling Alto Soprano": -4.71139122382494e-2,
        "fTooFarAT": -0.4160161885778818,
        "fParOctave Bass Soprano": -3.0011839646757875e-2,
        "f3rdDoubling Bass Tenor": 6.832188496954955e-2,
        "fNoDoubling Bass Soprano": 3.1846120840264856e-2,
        "fMelodyStays Soprano": -0.1304127185371608,
        "fLTDoubling Tenor Alto": -2.646099934374047e-2,
        "fNearestTone Soprano": -0.4303263131407435,
        "fUnison Tenor Soprano": -5.199619647659844e-2,
        "fSkipThenArpg Alto": -1.0163424216355774e-2,
        "fForeignLT Tenor": 0.14204625681285463,
        "fMelodySkip Bass": -0.4362159157054244,
        "fMelodyHolds Soprano": 1.0896198036110716,
        "fMelodyLeap Tenor": -0.5158134098646302,
        "fHiddenOctave Tenor Alto": -2.3113949329346645e-2,
        "fOutOfRange Bass": -0.5237971420466788,
        "fRelStationary Alto Soprano": 0.7172377079893797,
        "fRootDoubling Bass Alto": 0.8719667596332535,
        "fOverlap Alto Soprano": -0.6694136698395009,
        "fCrossing Bass Alto": -0.1526017507840769,
        "fCrossing Bass Soprano": -8.358208955223882e-2,
        "fConsOctave Alto Soprano": -1.2101391885563932e-3,
        "fRootDoubling Bass Soprano": 0.5994486914218828,
        "fRelSimilar Bass Tenor": 3.878253531978651e-2,
        "fMelodyOverleap Bass": -0.6260145995615686,
        "fTooFarSA": -0.6134978716875639,
        "fHiddenFifth Tenor Alto": 2.1227403408250325e-2,
        "fRelOblique Bass Tenor": 0.37198104813539223,
        "fHiddenFifth Tenor Soprano": 2.191059612558203e-2,
        "fOutOfRange Soprano": -0.5656716417910443,
        "fDissLeap Bass": -0.6051559575256356,
        "fForeignDoubling Alto Soprano": -4.8850028471631675e-2,
        "fSLeapThenConStep Tenor": 5.606327741147975e-2,
        "fMelodyOverleap Soprano": -0.4791044776119403,
        "fConsOctave Bass Alto": -2.1378802522363173e-3,
        "fCommonTone Bass": 1.466624124302382e-2,
        "fParUnison Bass Soprano": 0,
        "fRelOblique Tenor Soprano": 0.25959628869855383,
        "fParFifth Alto Soprano": -6.1556974664673234e-2,
        "fRelStationary Bass Alto": 0.4014477751031913,
        "fOverlap Bass Alto": -0.19846670462884153,
        "fRelSimilar Tenor Soprano": -3.670994382806243e-2,
        "fMelodySkip Tenor": -0.38349189074817386,
        "fNoDoubling Tenor Alto": 0.56982323141852,
        "fHiddenOctave Bass Soprano": -3.3963474542230594e-2,
        "fLTDoubling Bass Soprano": -3.7512375992450234e-2,
        "fHiddenOctave Bass Alto": 2.5218826935048837e-2,
        "fRelParallel Bass Soprano": 4.497308155784291e-2,
        "fParOctave Tenor Alto": -8.955223880597015e-3,
        "fTensionDoubling Bass Tenor": -8.627991892223395e-2,
        "fNoDoubling Tenor Soprano": 9.018898335410545e-2,
        "fParOctave Tenor Soprano": -3.085903402138726e-2,
        "fRelParallel Bass Alto": 4.800085309523102e-2,
        "fLTDoubling Bass Alto": -7.38184905019394e-2,
        "fForeign Bass": -1.1523301006475342,
        "f3rdDoubling Alto Soprano": 5.297923699398577e-2,
        "fNearestTone Tenor": -0.4636813672452735,
        "fForeign Alto": -0.9523951365142043,
        "fParOctave Bass Tenor": -4.0379054151737155e-2,
        "fMelodyHolds Tenor": 0.6023385093678203,
        "fHiddenOctave Alto Soprano": -1.9240922270126852e-2,
        "fConsFifth Tenor Soprano": -4.027334452529086e-4,
        "f3rdDoubling Bass Soprano": 0.13266692995725698,
        "fMelodyStays Tenor": 1.4922338408210157e-2,
        "fMelodyLeap Soprano": -0.7680492654066088,
        "fLTDoubling Alto Soprano": -3.259321140197179e-2,
        "fTensionDoubling Tenor Alto": -3.646429960839382e-2,
        "fRelParallel Alto Soprano": 0.12805149087242906,
        "fRelContrary Bass Alto": 0.2729128355005632,
        "fNoDoubling Bass Tenor": -0.19485259871605798,
        "fForeignLT Soprano": 7.568269746688891e-2,
        "fSkipThenElse Soprano": -0.2362178124092482,
        "fMelodyStep Bass": 1.074088791871317,
        "fCommonTone Tenor": -0.11135417487693573,
        "fSLeapThenSimStep Soprano": -4.97671058449247e-2,
        "fParFifth Bass Tenor": -4.336412877860282e-2,
        "fParUnison Tenor Alto": -1.4925373134328358e-3,
        "fParUnison Tenor Soprano": 0,
        "fDissLeap Tenor": -0.38664383316256024,
        "fSLeapThenSimStep Alto": -9.632203839181422e-2,
        "fForeignDoubling Bass Tenor": -6.978437006461831e-2,
        "fSkipThenElse Alto": -0.11773675183990838,
        "fSkipThenStep Bass": -0.2675077353904279,
        "fLLeapThenElse Bass": -0.49840655804314127,
        "fSLeapThenConStep Soprano": -5.0363935314812806e-2,
        "fHiddenFifth Bass Alto": 0.12454338962890771,
        "fChord": 2.059056281773243,
        "fParFifth Tenor Alto": -7.741008886268162e-2,
        "fOutOfRange Tenor": -0.4326339694596975,
        "fSkipThenStep Alto": -0.2099713091934918,
        "fMelodyOverleap Tenor": -0.5462686567164178,
        "fSLeapThenSimStep Bass": -5.270463642927378e-2,
        "fCrossing Tenor Soprano": -0.25671641791044775,
        "fSkipThenElse Bass": -0.13095610310819172,
        "fParUnison Bass Tenor": -6.171031263158387e-3,
        "fLLeapThenElse Alto": -0.2849106252083745,
        "fRootDoubling Tenor Soprano": 7.958674617087101e-2,
        "fMelodyStep Alto": 0.8683768050824922,
        "fForeignDoubling Tenor Alto": -2.6662850779566427e-2,
        "fRelParallel Bass Tenor": 3.444962080675662e-2,
        "fSkipThenArpg Bass": 4.644521876792655e-3,
        "fNoDoubling Alto Soprano": 0.5221765561506528,
        "fMelodySkip Soprano": -0.4480843923614255,
        "fTensionDoubling Bass Alto": -4.94924631312388e-2,
        "f3rdDoubling Tenor Alto": 1.9333102075963404e-2,
        "fMelodySkip Alto": -0.3311288717520529,
        "fHiddenOctave Bass Tenor": 3.9459068499247914e-2,
        "fParOctave Alto Soprano": -5.970149253731343e-3,
        "fLTDoubling Bass Tenor": -8.3016323876087e-2,
        "fTensionDoubling Bass Soprano": -7.990800564964853e-2,
        "f3rdDoubling Tenor Soprano": 0.18212735986836046,
        "fNoDoubling Bass Alto": -0.2718958650592167,
        "fParOctave Bass Alto": -3.178677508506717e-2,
        "fSkipThenArpg Soprano": -1.044582234123215e-2,
        "fLTDoubling Tenor Soprano": -2.4160086860605366e-2,
        "fForeign Tenor": -1.1944539958702431,
        "fHiddenOctave Tenor Soprano": 8.033299375310058e-3,
        "fMelodyHolds Alto": 0.5738822618993927,