{
  "model": {
    "fConsOctave Bass Tenor": -0.001570292220235,
    "fRootDoubling Tenor Alto": -0.0070381021721788,
    "fCrossing Tenor Alto": -0.0012979152990246,
    "fRelOblique Alto Soprano": 0.0052071652198602,
    "fRelSimilar Alto Soprano": 0.0023915433756898,
    "fParFifth Tenor Soprano": -0.0026499996769842,
    "fSkipThenStep Soprano": -0.00062235438147693,
    "fHiddenFifth Bass Soprano": -0.00050902600138142,
    "fOverlap Bass Tenor bak": -0.00038179033529719,
    "fOverlap Bass Tenor": -0.38179033529719,
    "fRelStationary Bass Tenor": 0.007078938574047,
    "fForeignDoubling Tenor Soprano": 0.0018321459644919,
    "fSLeapThenConStep Alto": 0.00045221013791265,
    "fMelodyStep Soprano": 0.0033459704617616,
    "fLLeapThenElse Soprano": -0.0018838470168535,
    "fConsFifth Bass Soprano": -5.4709728011258e-5,
    "fLLeapThenConStep Tenor": -0.0025028868757274,
    "fSLeapThenElse Tenor": 0.00044310327403062,
    "fRelContrary Tenor Soprano": 0.0024125224349333,
    "f5thDoubling Alto Soprano": -0.00021729175981361,
    "fRelContrary Tenor Alto": 0.0022841738026196,
    "fUnison Bass Tenor": -0.00288196813205,
    "fConsFifth Bass Alto": 0.00028931871733254,
    "fNearestTone Bass": -0.0026492952706155,
    "fMelodyStays Bass": -0.0056427264913622,
    "fRelParallel Tenor Alto": 0.0029778396930884,
    "f5thDoubling Bass Alto": -0.0032554220544418,
    "fTensionDoubling Alto Soprano": -0.0065489605979613,
    "fTooFarAT": -2.8511061327013e-5,
    "fParOctave Bass Soprano": -0.0054383355143821,
    "f3rdDoubling Bass Tenor": -0.0010188653723173,
    "fNoDoubling Bass Soprano": -0.005187717687152,
    "fMelodyStays Soprano": -0.0031782448675719,
    "fLTDoubling Tenor Alto": -0.001397018253964,
    "fNearestTone Soprano": -0.0010527941749082,
    "fUnison Tenor Soprano": -0.0004679252127395,
    "fSkipThenArpg Alto": -8.3900402936251e-5,
    "fForeignLT Tenor": 0.003374162342208,
    "fMelodySkip Bass": -0.0035391367722158,
    "fMelodyLeap Tenor": -0.0026813748241887,
    "fHiddenOctave Tenor Alto": -0.0021212775901595,
    "fOutOfRange Bass": -0.00092920908805896,
    "fRelStationary Alto Soprano": 0.0086595997977032,
    "fRootDoubling Bass Alto": 0.00052627093600296,
    "fOverlap Alto Soprano bak": -0.0013085607730911,
    "fOverlap Alto Soprano": -0.13085607730911,
    "fCrossing Bass Alto": -0.0030270127162047,
    "fCrossing Bass Soprano": -0.0030902349066279,
    "fConsOctave Alto Soprano": -2.7387886309518e-5,
    "fRootDoubling Bass Soprano": -0.0018940351788881,
    "fRelSimilar Bass Tenor": 0.0046958353658833,
    "fMelodyOverleap Bass": -0.0018968236363977,
    "fTooFarSA": -0.00061879984818574,
    "fHiddenFifth Tenor Alto": 0.00070950805428843,
    "fRelOblique Bass Tenor": 0.0059615252715068,
    "fHiddenFifth Tenor Soprano": 0.001816773404918,
    "fOutOfRange Soprano": -0.0006698994154286,
    "fDissLeap Bass": -0.0051234696177108,
    "fForeignDoubling Alto Soprano": 0.001393364966275,
    "fSLeapThenConStep Tenor": 0.00041995203472164,
    "fMelodyOverleap Soprano": -0.0076462030022468,
    "fConsOctave Bass Alto": -0.0017766828695982,
    "fCommonTone Bass": 0.0039209869018426,
    "fRelOblique Tenor Soprano": 0.0035577878111211,
    "fParFifth Alto Soprano": -0.0038910049416799,
    "fRelStationary Bass Alto": 0.0022765467963056,
    "fOverlap Bass Alto": 0.00010604993097015,
    "fRelSimilar Tenor Soprano": 0.0021735459594517,
    "fMelodySkip Tenor": -0.0025817972647807,
    "fNoDoubling Tenor Alto": -0.0035019911597068,
    "fHiddenOctave Bass Soprano": -0.0022923622922712,
    "fLTDoubling Bass Soprano": -0.0024314726538283,
    "fHiddenOctave Bass Alto": 0.00061733124111876,
    "fRelParallel Bass Soprano": 0.0020835536185613,
    "fParOctave Tenor Alto": -0.0022563861068391,
    "fTensionDoubling Bass Tenor": -0.014315512292934,
    "fNoDoubling Tenor Soprano": -0.0052464867626019,
    "fParOctave Tenor Soprano": -0.0047325076239795,
    "fRelParallel Bass Alto": 0.0032994642240698,
    "fLTDoubling Bass Alto": -0.0037079819995988,
    "fForeign Bass bak": -0.0014298367987793,
    "fForeign Bass": -0.14298367987793,
    "f3rdDoubling Alto Soprano": -0.0021544138574571,
    "fNearestTone Tenor": -0.00071315655009731,
    "fForeign Alto bak": -0.0013765813021948,
    "fForeign Alto": -0.13765813021948,
    "fParOctave Bass Tenor": -0.0013054273002173,
    "fHiddenOctave Alto Soprano": -0.0010120871538016,
    "fConsFifth Tenor Soprano": 0.00094549543832599,
    "f3rdDoubling Bass Soprano": -0.003710588365666,
    "fMelodyStays Tenor": -0.0020874687929127,
    "fMelodyLeap Soprano": -0.0014168305945845,
    "fLTDoubling Alto Soprano": -0.0023284705669187,
    "fTensionDoubling Tenor Alto": -0.0065852009618244,
    "fRelParallel Alto Soprano": 0.0021666504440459,
    "fRelContrary Bass Alto": 0.0035516360788375,
    "fNoDoubling Bass Tenor": -0.0030511383739065,
    "fForeignLT Soprano": 0.0023477005899406,
    "fSkipThenElse Soprano": 0.00021103335611311,
    "fMelodyStep Bass": 0.00015449833848441,
    "fCommonTone Tenor": -0.0017391130715324,
    "fSLeapThenSimStep Soprano": 7.0630228652853e-5,
    "fParFifth Bass Tenor": -0.0035438148972097,
    "fDissLeap Tenor": -0.0043188677453522,
    "fSLeapThenSimStep Alto": -0.0011130981103752,
    "fForeignDoubling Bass Tenor": 0.0016696201851946,
    "fSkipThenElse Alto": -0.00094452435341478,
    "fSkipThenStep Bass": -0.0019834710366637,
    "fLLeapThenElse Bass": -0.003498921439672,
    "fSLeapThenConStep Soprano": 0.000139571423756,
    "fHiddenFifth Bass Alto": 0.0040069542718254,
    "fChord": 1,
    "fParFifth Tenor Alto": -0.0035450795368602,
    "fOutOfRange Tenor": -0.00011751231641539,
    "fSkipThenStep Alto": -0.0031510244887217,
    "fMelodyOverleap Tenor": -0.0061434650403521,
    "fSLeapThenSimStep Bass": -0.0022236008968415,
    "fCrossing Tenor Soprano": -0.0016280314581571,
    "fSkipThenElse Bass": 0.00055127642455241,
    "fLLeapThenElse Alto": -0.0036263185712799,
    "fRootDoubling Tenor Soprano": -0.0062900238586052,
    "fMelodyStep Alto": 0.0010502667706907,
    "fForeignDoubling Tenor Alto": 0.0016702072946732,
    "fRelParallel Bass Tenor": 0.0051145192191298,
    "fSkipThenArpg Bass": -7.984230555358e-5,
    "fNoDoubling Alto Soprano": -0.0015916625469027,
    "fMelodySkip Soprano": -0.00075366043715789,
    "fTensionDoubling Bass Alto": -0.01748842942325,
    "f3rdDoubling Tenor Alto": -0.002491647000191,
    "fMelodySkip Alto": -0.00092622749694885,
    "fHiddenOctave Bass Tenor": 0.00040974199671284,
    "fParOctave Alto Soprano": -0.0021761194073864,
    "fLTDoubling Bass Tenor": -0.0029626579753463,
    "fTensionDoubling Bass Soprano": -0.017213786151114,
    "f3rdDoubling Tenor Soprano": -0.0039056070502772,
    "fNoDoubling Bass Alto": -0.0038687474921731,
    "fParOctave Bass Alto": -0.0063645971795193,
    "fSkipThenArpg Soprano": 0.0022120858007157,
    "fLTDoubling Tenor Soprano": -0.0021589623933466,
    "fForeign Tenor bak": -0.0014133206466121,
    "fForeign Tenor": -0.14133206466121,
    "fHiddenOctave Tenor Soprano": 0.00056994517257952,
    "fRelParallel Tenor Soprano": 0.0022838375376449,
    "f5thDoubling Bass Soprano": -0.0068807866249045,
    "fRelContrary Bass Tenor": 0.005351468937689,
    "fConsFifth Alto Soprano": 0.00011341150879741,
    "fMelodyStays Alto": -0.0019453301715004,
    "fUnison Tenor Alto": -0.00195916891277,
    "fNearestTone Alto": 9.3795843602701e-7,
    "fCommonTone Alto": -0.00102184717177,
    "fForeignDoubling Bass Alto": 0.0016765194507674,
    "fDissLeap Alto": -0.0045899152323599,
    "fSkipThenElse Tenor": 0.00012872781586627,
    "fParFifth Bass Soprano": -0.0032144618970625,
    "fParFifth Bass Alto": -0.0030927641859288,
    "fSLeapThenSimStep Tenor": -0.0018551003200332,
    "fDissLeap Soprano": -0.0034864156744294,
    "fForeignDoubling Bass Soprano": 0.0017000571656203,
    "fCommonTone Soprano": 0.0028634106389773,
    "fOverlap Bass Soprano": -0.0019129899813206,