{
    "model": {
        "fConsOctave Bass Tenor": -1.173151293303207,
        "fRootDoubling Tenor Alto": -1.0494636239018054,
        "fCrossing Tenor Alto": -0.8739963564244726,
        "fRelOblique Alto Soprano": 1.3006929014391369,
        "fOverlap Tenor Bass": 6.346213598737652e-2,
        "fRelSimilar Alto Soprano": 1.202495992654338,
        "fParFifth Tenor Soprano": -3.1730489928717445,
        "fSkipThenStep Soprano": -0.6177670445181567,
        "fHiddenFifth Bass Soprano": -0.49474846082239315,
        "fOverlap Bass Tenor": 0.5430264639978836,
        "fRelStationary Bass Tenor": 0.11582521596179703,
        "fForeignDoubling Tenor Soprano": -0.7056759091307673,
        "fSLeapThenConStep Alto": -1.5128800970000947e-2,
        "fMelodyStep Soprano": -6.953350760398874e-2,
        "fLLeapThenElse Soprano": -1.621801750061156,
        "fConsFifth Bass Soprano": -0.625537261998069,
        "fLLeapThenConStep Tenor": -1.4790795800187695,
        "fSLeapThenElse Tenor": -8.004826410902463e-2,
        "fMelodyHolds Bass": 0.35067451505177943,
        "fRelContrary Tenor Soprano": 0.7258702696904095,
        "f5thDoubling Alto Soprano": 1.4299770553253282,
        "fRelContrary Tenor Alto": 1.1643589151904803,
        "fUnison Bass Tenor": 5.2502357933658504e-2,
        "fConsFifth Bass Alto": -9.497184513044753e-2,
        "fNearestTone Bass": -0.5596269582938063,
        "fMelodyStays Bass": -2.6273285735059337,
        "fRelParallel Tenor Alto": 1.147196728326438,
        "f5thDoubling Bass Alto": -3.239214777920423,
        "fTensionDoubling Alto Soprano": -1.4582856365152552,
        "fTooFarAT": -0.3786436505004652,
        "fParOctave Bass Soprano": -4.417474074462763,
        "f3rdDoubling Bass Tenor": 3.52917767462187,
        "fNoDoubling Bass Soprano": 6.099514973275892,
        "fMelodyStays Soprano": -1.12414786690028,
        "fLTDoubling Tenor Alto": 2.330639624633205,
        "fNearestTone Soprano": -0.4014093644282037,
        "fUnison Tenor Soprano": -0.5125394423591059,
        "fSkipThenArpg Alto": -1.6578883665396948,
        "fForeignLT Tenor": -0.200250476424643,
        "fMelodySkip Bass": -3.4088842453785553,
        "fMelodyHolds Soprano": 0.35926987727333703,
        "fMelodyLeap Tenor": -2.6019752894106745,
        "fHiddenOctave Tenor Alto": -1.0627106416105137,
        "fOutOfRange Bass": -1.5940229575374343,
        "fRelStationary Alto Soprano": 1.816506742754586,
        "fRootDoubling Bass Alto": 4.493628788183893,
        "fOverlap Alto Soprano": -0.8050091082893001,
        "fCrossing Bass Alto": -0.4168624285101082,
        "fCrossing Bass Soprano": -0.24143775476169813,
        "fConsOctave Alto Soprano": -0.1158732367784997,
        "fRootDoubling Bass Soprano": 7.909770023474391,
        "fOverlap Soprano Alto": -0.10509737078487208,
        "fRelSimilar Bass Tenor": 0.20479833487102816,
        "fMelodyOverleap Bass": -1.4809891999789424,
        "fTooFarSA": -0.3380849713504285,
        "fHiddenFifth Tenor Alto": 1.4723182029537942e-3,
        "fRelOblique Bass Tenor": 0.4086348172613379,
        "fHiddenFifth Tenor Soprano": 0.5274080563653414,
        "fOutOfRange Soprano": -3.76611868430969,
        "fDissLeap Bass": -1.5661572557082928,
        "fForeignDoubling Alto Soprano": -0.4045180698345464,
        "fSLeapThenConStep Tenor": -2.2840271884492524e-3,
        "fMelodyOverleap Soprano": -5.032003782621323,
        "fConsOctave Bass Alto": -0.5388400131152431,
        "fCommonTone Bass": 2.6857619188106576,
        "fParUnison Bass Soprano": 9.55021939985528e-2,
        "fRelOblique Tenor Soprano": 0.9896805449027446,
        "fParFifth Alto Soprano": -3.193815526583814,
        "fRelStationary Bass Alto": 0.5031277355851321,
        "fOverlap Bass Alto": -0.3695672837155803,
        "fRelSimilar Tenor Soprano": 0.9033947620761595,
        "fMelodySkip Tenor": -1.6961592244877572,
        "fNoDoubling Tenor Alto": 1.433527926361714,
        "fHiddenOctave Bass Soprano": -1.8069249462180461,
        "fLTDoubling Bass Soprano": 3.61202944139614,
        "fHiddenOctave Bass Alto": 0.10044018863690199,
        "fRelParallel Bass Soprano": -0.22890566565190532,
        "fParOctave Tenor Alto": -1.5360114668644693,
        "fTensionDoubling Bass Tenor": -7.9576589338271795,
        "fNoDoubling Tenor Soprano": 0.7424851214620458,
        "fParOctave Tenor Soprano": -3.7124711941168536,
        "fRelParallel Bass Alto": 0.7263697503467503,
        "fLTDoubling Bass Alto": 2.2551316411194624,
        "fForeign Bass": -0.7592456641043208,
        "f3rdDoubling Alto Soprano": 1.2888099186597923,
        "fNearestTone Tenor": -0.33265520773587304,
        "fForeign Alto": -1.266238915075044,
        "fParOctave Bass Tenor": -4.505176231647874,
        "fMelodyHolds Tenor": -0.42280259994161634,
        "fHiddenOctave Alto Soprano": -9.084821678533031e-2,
        "fConsFifth Tenor Soprano": 0.6181371302341928,
        "f3rdDoubling Bass Soprano": 6.445002760743998,
        "fMelodyStays Tenor": -1.138844710611427,
        "fMelodyLeap Soprano": -2.6443982940984663,
        "fLTDoubling Alto Soprano": 0.8193962215638317,
        "fTensionDoubling Tenor Alto": -0.5739247825631913,
        "fRelParallel Alto Soprano": 1.0269942820985623,
        "fRelContrary Bass Alto": 0.8308258284263907,
        "fNoDoubling Bass Tenor": 4.132860762404194,
        "fForeignLT Soprano": 1.9478621897606236,
        "fSkipThenElse Soprano": -0.3565266990775633,
        "fMelodyStep Bass": -0.1804352315156829,
        "fCommonTone Tenor": 0.2855631316454781,
        "fSLeapThenSimStep Soprano": 0.2758001340222788,
        "fParFifth Bass Tenor": -3.295728541282055,
        "fParUnison Tenor Alto": -0.5015436422614412,
        "fParUnison Tenor Soprano": -8.653005191613765e-2,
        "fDissLeap Tenor": -1.3714661877820489,
        "fSLeapThenSimStep Alto": -0.4545568009744006,
        "fForeignDoubling Bass Tenor": -1.1710892944727143,
        "fSkipThenElse Alto": -2.003313646000036,
        "fSkipThenStep Bass": -1.3282080405449812,
        "fLLeapThenElse Bass": -3.708756671238923,
        "fSLeapThenConStep Soprano": 9.241930743086914e-2,
        "fHiddenFifth Bass Alto": 1.8527163105265176,
        "fChord": 16.77847529529088,
        "fParFifth Tenor Alto": -3.161299911741119,
        "fOutOfRange Tenor": -2.848838837673684,
        "fSkipThenStep Alto": -2.7872086121878965,
        "fMelodyOverleap Tenor": -2.3203620984111146,
        "fSLeapThenSimStep Bass": -2.3133972995665153,
        "fCrossing Tenor Soprano": -0.7615172340267469,
        "fSkipThenElse Bass": -0.10550246431419308,
        "fParUnison Bass Tenor": -3.0019016021046903,
        "fLLeapThenElse Alto": -1.7142153664552064,
        "fRootDoubling Tenor Soprano": -0.2255063755883021,
        "fMelodyStep Alto": -9.797546193498387e-2,
        "fForeignDoubling Tenor Alto": -5.064588529158756e-2,
        "fRelParallel Bass Tenor": 0.13474998195981763,
        "fSkipThenArpg Bass": 0.3064083976666148,
        "fNoDoubling Alto Soprano": 1.1002964982305454,
        "fMelodySkip Soprano": -2.1028660173616185,
        "fTensionDoubling Bass Alto": -6.83502752783132,
        "f3rdDoubling Tenor Alto": 1.7935849395829895,
        "fMelodySkip Alto": -0.41210805689508806,
        "fHiddenOctave Bass Tenor": 0.32150100366605694,
        "fParOctave Alto Soprano": -1.538982908738856,
        "fLTDoubling Bass Tenor": 1.0738390341541686,
        "fTensionDoubling Bass Soprano": -8.82097988264586,
        "f3rdDoubling Tenor Soprano": 1.6595603727069603,
        "fNoDoubling Bass Alto": 2.8146928914476925,
        "fParOctave Bass Alto": -4.63061788930132,
        "fSkipThenArpg Soprano": 0.5114660684334796,
        "fLTDoubling Tenor Soprano": 4.376957824371206,
        "fForeign Tenor": -1.5861648121900158,
        "fHiddenOctave Tenor Soprano": 8.879571629371384e-2,
        "fMelodyHolds Alto": -0.170424599910634,