{"model":{"fConsOctave Bass Tenor":-0.751013315911359,"fRootDoubling Tenor Alto":-3.366066762567164,"fCrossing Tenor Alto":-0.6207454000801813,"fRelOblique Alto Soprano":2.4903966076328166,"fRelSimilar Alto Soprano":1.1437876960593711,"fParFifth Tenor Soprano":-1.267397888705125,"fSkipThenStep Soprano":-0.29764933028515594,"fHiddenFifth Bass Soprano":-0.24344851248472618,"fOverlap Bass Tenor":-0.1825963486283661,"fRelStationary Bass Tenor":3.385597319479901,"fForeignDoubling Tenor Soprano":0.8762483812221477,"fSLeapThenConStep Alto":0.21627556373658657,"fMelodyStep Soprano":1.600255251250598,"fLLeapThenElse Soprano":-0.9009751029557375,"fConsFifth Bass Soprano":-2.6165661216988788e-2,"fLLeapThenConStep Tenor":-1.1970392183499214,"fSLeapThenElse Tenor":0.21192008393896766,"fRelContrary Tenor Soprano":1.1538212125248029,"f5thDoubling Alto Soprano":-0.1039226985620593,"fRelContrary Tenor Alto":1.0924367576415113,"fUnison Bass Tenor":-1.378339913623107,"fConsFifth Bass Alto":0.13837055705886825,"fNearestTone Bass":-1.2670609969114184,"fMelodyStays Bass":-2.6987096277051683,"fRelParallel Tenor Alto":1.424191773569386,"f5thDoubling Bass Alto":-1.5569492609670854,"fTensionDoubling Alto Soprano":-3.1321282440740177,"fTooFarAT":-1.3635797484971776e-2,"fParOctave Bass Soprano":-2.6009569015653264,"f3rdDoubling Bass Tenor":-0.487286029868217,"fNoDoubling Bass Soprano":-2.4810955642746433,"fMelodyStays Soprano":-1.5200382362055576,"fLTDoubling Tenor Alto":-0.6681427175007979,"fNearestTone Soprano":-0.5035129347782348,"fUnison Tenor Soprano":-0.22379150905137485,"fSkipThenArpg Alto":-4.012649302053014e-2,"fForeignLT Tenor":1.6137383961984317,"fMelodySkip Bass":-1.6926396300733406,"fMelodyLeap Tenor":-1.2824034736755732,"fHiddenOctave Tenor Alto":-1.0145294591828995,"fOutOfRange Bass":0.44440670940449833,"fRelStationary Alto Soprano":4.141569750351994,"fRootDoubling Bass Alto":0.2516961337656042,"fOverlap Alto Soprano":-0.6258367408351263,"fCrossing Bass Alto":-1.4477094314091536,"fCrossing Bass Soprano":-1.4779462919482826,"fConsOctave Alto Soprano":-1.309862396824174e-2,"fRootDoubling Bass Soprano":-0.9058477280978046,"fRelSimilar Bass Tenor":2.2458462467437723,"fMelodyOverleap Bass":-0.90718134530199,"fTooFarSA":0.295949327063377,"fHiddenFifth Tenor Alto":0.339331743258091,"fRelOblique Bass Tenor":2.8511794202060026,"fHiddenFifth Tenor Soprano":0.8688962484211004,"fOutOfRange Soprano":-0.32038838047151386,"fDissLeap Bass":-2.450368063335517,"fForeignDoubling Alto Soprano":0.666395483663744,"fSLeapThenConStep Tenor":0.2008476932228703,"fMelodyOverleap Soprano":-3.6568991407149136,"fConsOctave Bass Alto":-0.8497224121890724,"fCommonTone Bass":1.8752645761417661,"fRelOblique Tenor Soprano":1.7015597395872686,"fParFifth Alto Soprano":-1.860925301560193,"fRelStationary Bass Alto":1.0887890395743922,"fOverlap Bass Alto":5.071980188384662e-2,"fRelSimilar Tenor Soprano":1.039527507847683,"fMelodySkip Tenor":-1.2347791703022446,"fNoDoubling Tenor Alto":-1.6748742426743652,"fHiddenOctave Bass Soprano":-1.0963530126456535,"fLTDoubling Bass Soprano":-1.1628844088816226,"fHiddenOctave Bass Alto":0.29524694603586643,"fRelParallel Bass Soprano":0.9964874637923489,"fParOctave Tenor Alto":-1.0791469194312793,"fTensionDoubling Bass Tenor":-6.84658576126488,"fNoDoubling Tenor Soprano":-2.5092026628501656,"fParOctave Tenor Soprano":-2.2633852460459494,"fRelParallel Bass Alto":1.5780130193084208,"fLTDoubling Bass Alto":-1.773392124710061,"fForeign Bass":-0.6838386267382984,"f3rdDoubling Alto Soprano":-1.0303773234589741,"fNearestTone Tenor":-0.3410766853142341,"fForeign Alto":-0.6583684712060747,"fParOctave Bass Tenor":-0.6243381154054612,"fHiddenOctave Alto Soprano":-0.48404425595006806,"fConsFifth Tenor Soprano":0.45219587486078894,"f3rdDoubling Bass Soprano":-1.7746386542396821,"fMelodyStays Tenor":-0.9983599484382591,"fMelodyLeap Soprano":-0.6776182351360561,"fLTDoubling Alto Soprano":-1.1136222792990118,"fTensionDoubling Tenor Alto":-3.1494606841662973,"fRelParallel Alto Soprano":1.0362296351185893,"fRelContrary Bass Alto":1.698617591112407,"fNoDoubling Bass Tenor":-1.4592478507911133,"fForeignLT Soprano":1.122819295732401,"fSkipThenElse Soprano":0.10092953305130083,"fMelodyStep Bass":7.389090259302651e-2,"fCommonTone Tenor":-0.8317541523582602,"fSLeapThenSimStep Soprano":3.377985418294841e-2,"fParFifth Bass Tenor":-1.694877006097148,"fDissLeap Tenor":-2.065556426137075,"fSLeapThenSimStep Alto":-0.5323541007433759,"fForeignDoubling Bass Tenor":0.7985182473921023,"fSkipThenElse Alto":-0.45173144047730235,"fSkipThenStep Bass":-0.9486216266396674,"fLLeapThenElse Bass":-1.6734061078950646,"fSLeapThenConStep Soprano":6.67519054165422e-2,"fHiddenFifth Bass Alto":1.916379623875573,"fChord":478.26341252519325,"fParFifth Tenor Alto":-1.6954818369719675,"fOutOfRange Tenor":5.620184146256539e-2,"fSkipThenStep Alto":-1.5070197249265143,"fMelodyOverleap Tenor":-2.938194554928043,"fSLeapThenSimStep Bass":-1.0634669530175052,"fCrossing Tenor Soprano":-0.7786278808765887,"fSkipThenElse Bass":0.2636553440511177,"fLLeapThenElse Alto":-1.7343354948037661,"fRootDoubling Tenor Soprano":-3.008288275481383,"fMelodyStep Alto":0.5023041698123498,"fForeignDoubling Tenor Alto":0.7987990403748753,"fRelParallel Bass Tenor":2.4460874151667493,"fSkipThenArpg Bass":-3.8185653517933675e-2,"fNoDoubling Alto Soprano":-0.7612339612702124,"fMelodySkip Soprano":-0.36044821256035736,"fTensionDoubling Bass Alto":-8.364075935669435,"f3rdDoubling Tenor Alto":-1.1916635971195302,"fMelodySkip Alto":-0.44298072346541517,"fHiddenOctave Bass Tenor":0.19596460560277268,"fParOctave Alto Soprano":-1.040758293838861,"fLTDoubling Bass Tenor":-1.4169309134340988,"fTensionDoubling Bass Soprano":-8.232724107110514,"f3rdDoubling Tenor Soprano":-1.8679089558480042,"fNoDoubling Bass Alto":-1.850280377805037,"fParOctave Bass Alto":-3.0439539664250823,"fSkipThenArpg Soprano":1.0579597038487758,"fLTDoubling Tenor Soprano":-1.0325527217555366,"fForeign Tenor":-0.6759395554410036,"fHiddenOctave Tenor Soprano":0.27258392319013586,"fRelParallel Tenor Soprano":1.0922759344072404,"f5thDoubling Bass Soprano":-3.290828492084539,"fRelContrary Bass Tenor":2.559411796161718,"fConsFifth Alto Soprano":5.424057521708033e-2,"fMelodyStays Alto":-0.9303802463099881,"fUnison Tenor Alto":-0.9369988099346542,"fNearestTone Alto":4.4859120242107396e-4,"fCommonTone Alto":-0.4887121154499535,"fForeignDoubling Bass Alto":0.8018179136888781,"fDissLeap Alto":-2.1951885222297665,"fSkipThenElse Tenor":6.156580450311588e-2,"fParFifth Bass Soprano":-1.5373595163212794,"fParFifth Bass Alto":-1.4791559536980377,"fSLeapThenSimStep Tenor":-0.8872266096356362,"fDissLeap Soprano":-1.6674250579338925,"fForeignDoubling Bass Soprano":0.8130751415174704,"fCommonTone Soprano":1.3694645436582493,"fOverlap Bass Soprano":-0.9149131165928863,"fCrossing Alto Soprano":-0.6472041103256866,"fMelodyStep Tenor":0.37736623887863874,"fRelSimilar Tenor Alto":1.6557664695181424,"fRelStationary Bass Soprano":2.565068210374851,"fLLeapThenElse Tenor":-2.144753000821352,"fRootDoubling Alto Soprano":-1.827281160664143,"fRelOblique Tenor Alto":1.4581825712387104,"fSkipThenStep Tenor":-0.7828219395839957,"fMelodyOverleap Alto":-2.411099094945763,"fConsOctave Bass Soprano":-0.3552065110492021,"fOutOfRange Alto":0.13773932088220486,"fHiddenFifth Bass Tenor":1.3777157520744665,"fUnison Bass Alto":-1.0974679142369101,"fSLeapThenElse Alto":0.33444337457764123,"f5thDoubling Tenor Alto":-0.14603975276665757,"fConsFifth Bass Tenor":-9.104049842581272e-3,"fForeignLT Bass":0.9465935998198424,"fLLeapThenConStep Alto":-1.3734146771627773,"fLLeapThenConStep Soprano":-0.8859175045229652,"fSLeapThenElse Soprano":0.4922316930714108,"f5thDoubling Tenor Soprano":-1.1496149974142755,"fMelodyLeap Bass":-0.65364501110849,"fRelContrary Alto Soprano":0.48643836985955935,"fUnison Bass Soprano":-0.5489957183554092,"fForeignLT Alto":0.5995657573389285,"fRelContrary Bass Soprano":1.1053200538468988,