{
    "model": {
        "fConsOctave Bass Tenor": -1.2733083950410384,
        "fRootDoubling Tenor Alto": -1.158266315463479,
        "fCrossing Tenor Alto": -0.8147476041477527,
        "fRelOblique Alto Soprano": 1.3313748942416435,
        "fOverlap Tenor Bass": 0.1768414022423669,
        "fRelSimilar Alto Soprano": 1.2962134366618518,
        "fParFifth Tenor Soprano": -2.962990240873362,
        "fSkipThenStep Soprano": -0.648124268685852,
        "fHiddenFifth Bass Soprano": -0.44300113740096764,
        "fOverlap Bass Tenor": 0.6338927590895411,
        "fRelStationary Bass Tenor": 8.668760590949365e-2,
        "fForeignDoubling Tenor Soprano": 0.28251579049041786,
        "fSLeapThenConStep Alto": 2.003638973011057e-2,
        "fMelodyStep Soprano": -0.2121673237568775,
        "fLLeapThenElse Soprano": -1.485779491787443,
        "fConsFifth Bass Soprano": -0.7961435896714557,
        "fLLeapThenConStep Tenor": -1.4584076376381407,
        "fSLeapThenElse Tenor": -0.20698709944311366,
        "fMelodyHolds Bass": 0.28469866003735045,
        "fRelContrary Tenor Soprano": 0.7158965349021593,
        "f5thDoubling Alto Soprano": 1.1363177338402843,
        "fRelContrary Tenor Alto": 1.2187336143799081,
        "fUnison Bass Tenor": 2.9748850807105476e-3,
        "fConsFifth Bass Alto": -0.22717213541387435,
        "fNearestTone Bass": -0.35948316369199196,
        "fMelodyStays Bass": -2.5466980810899447,
        "fRelParallel Tenor Alto": 1.1920385155355155,
        "f5thDoubling Bass Alto": -2.8763215260292654,
        "fTensionDoubling Alto Soprano": -1.1867933308674712,
        "fTooFarAT": -0.4759694423173247,
        "fParOctave Bass Soprano": -4.322251400366023,
        "f3rdDoubling Bass Tenor": 4.337848896802136,
        "fNoDoubling Bass Soprano": 6.865467717774415,
        "fMelodyStays Soprano": -1.3464521600506283,
        "fLTDoubling Tenor Alto": -2.2105548018261896,
        "fNearestTone Soprano": -0.33975111669122676,
        "fUnison Tenor Soprano": -0.35827508631185756,
        "fSkipThenArpg Alto": -1.564091013142344,
        "fForeignLT Tenor": 29.90339134892614,
        "fMelodySkip Bass": -3.3591755969734027,
        "fMelodyHolds Soprano": 6.835372690063354e-2,
        "fMelodyLeap Tenor": -2.3158704642353665,
        "fHiddenOctave Tenor Alto": -1.2087462790898342,
        "fOutOfRange Bass": -1.7549646951134688,
        "fRelStationary Alto Soprano": 1.759757142317287,
        "fRootDoubling Bass Alto": 4.6968502539382735,
        "fOverlap Alto Soprano": -0.7456204181469571,
        "fCrossing Bass Alto": -0.4345162402396868,
        "fCrossing Bass Soprano": -0.416525417719526,
        "fConsOctave Alto Soprano": -5.3226050609412975e-2,
        "fRootDoubling Bass Soprano": 8.684626705782522,
        "fOverlap Soprano Alto": 0.10977481514082542,
        "fRelSimilar Bass Tenor": -4.7740007267541615e-2,
        "fMelodyOverleap Bass": -1.5616118474734224,
        "fTooFarSA": -0.5025518629359558,
        "fHiddenFifth Tenor Alto": -0.21633613886331174,
        "fRelOblique Bass Tenor": 0.2596322533832739,
        "fHiddenFifth Tenor Soprano": 0.7269824801847966,
        "fOutOfRange Soprano": -3.7282003251868145,
        "fDissLeap Bass": -1.157010548106457,
        "fForeignDoubling Alto Soprano": -0.24020696236677608,
        "fSLeapThenConStep Tenor": -1.9199848639604597e-2,
        "fMelodyOverleap Soprano": -5.763870125571346,
        "fConsOctave Bass Alto": -0.7699688440138502,
        "fCommonTone Bass": 2.7066398300771413,
        "fParUnison Bass Soprano": 0.10668365618871062,
        "fRelOblique Tenor Soprano": 0.9331232389004661,
        "fParFifth Alto Soprano": -3.595021849617043,
        "fRelStationary Bass Alto": 0.3114516768656926,
        "fOverlap Bass Alto": -0.4574746798329289,
        "fRelSimilar Tenor Soprano": 0.8701858234055703,
        "fMelodySkip Tenor": -1.476983590542954,
        "fNoDoubling Tenor Alto": 1.4252469642914858,
        "fHiddenOctave Bass Soprano": -1.5265009549105606,
        "fLTDoubling Bass Soprano": -0.12859041180872807,
        "fHiddenOctave Bass Alto": 0.21394967089471584,
        "fRelParallel Bass Soprano": -0.22499092527929754,
        "fParOctave Tenor Alto": -1.5520095739511583,
        "fTensionDoubling Bass Tenor": -7.9295644542945585,
        "fNoDoubling Tenor Soprano": 0.7588254154149836,
        "fParOctave Tenor Soprano": -3.832309170826526,
        "fRelParallel Bass Alto": 0.5055756110968836,
        "fLTDoubling Bass Alto": -3.4731789881917563,
        "fForeign Bass": -0.8499445955743277,
        "f3rdDoubling Alto Soprano": 1.3873554048865935,
        "fNearestTone Tenor": -0.34447010460383654,
        "fForeign Alto": -1.1633959066622712,
        "fParOctave Bass Tenor": -4.781957985746938,
        "fMelodyHolds Tenor": -0.26607916747476185,
        "fHiddenOctave Alto Soprano": -0.13231254078111482,
        "fConsFifth Tenor Soprano": 0.7960564597710104,
        "f3rdDoubling Bass Soprano": 7.192554365605842,
        "fMelodyStays Tenor": -1.008194928086901,
        "fMelodyLeap Soprano": -2.753175357353148,
        "fLTDoubling Alto Soprano": -1.216492541915564,
        "fTensionDoubling Tenor Alto": -0.49650208695432846,
        "fRelParallel Alto Soprano": 1.0779746337172937,
        "fRelContrary Bass Alto": 0.6802639081024993,
        "fNoDoubling Bass Tenor": 5.0545944621031245,
        "fForeignLT Soprano": 15.959655268101274,
        "fSkipThenElse Soprano": -0.4413853682706036,
        "fMelodyStep Bass": -0.13875524977385775,
        "fCommonTone Tenor": 0.3325893178474899,
        "fSLeapThenSimStep Soprano": 1.977332300317272e-2,
        "fParFifth Bass Tenor": -3.5118770222662903,
        "fParUnison Tenor Alto": -0.652820691341872,
        "fParUnison Tenor Soprano": -2.5338384547741833e-2,
        "fDissLeap Tenor": -1.5907608453841928,
        "fSLeapThenSimStep Alto": -0.5330726741141883,
        "fForeignDoubling Bass Tenor": -1.2305207450277806,
        "fSkipThenElse Alto": -1.8898413300492092,
        "fSkipThenStep Bass": -1.3782655275012443,
        "fLLeapThenElse Bass": -3.8285787361246926,
        "fSLeapThenConStep Soprano": -0.11550914494506069,
        "fHiddenFifth Bass Alto": 1.8460508911428681,
        "fChord": 17.060662960842365,
        "fParFifth Tenor Alto": -3.283235079116486,
        "fOutOfRange Tenor": -4.050256228459382,
        "fSkipThenStep Alto": -2.7368032695876106,
        "fMelodyOverleap Tenor": -1.975877977568651,
        "fSLeapThenSimStep Bass": -2.381417306137728,
        "fCrossing Tenor Soprano": -0.633721914866487,
        "fSkipThenElse Bass": -0.21599679368621913,
        "fParUnison Bass Tenor": -2.449871443834691,
        "fLLeapThenElse Alto": -1.5651640369845594,
        "fRootDoubling Tenor Soprano": -0.27251766690721385,
        "fMelodyStep Alto": -0.19597346626237047,
        "fForeignDoubling Tenor Alto": 0.5665015530477926,
        "fRelParallel Bass Tenor": -5.3042980131518494e-2,
        "fSkipThenArpg Bass": 0.2433656229653549,
        "fNoDoubling Alto Soprano": 1.327204014191737,
        "fMelodySkip Soprano": -2.222667840567202,
        "fTensionDoubling Bass Alto": -7.649845579372621,
        "f3rdDoubling Tenor Alto": 1.6336988664475347,
        "fMelodySkip Alto": -0.3911765314205838,
        "fHiddenOctave Bass Tenor": 5.4716700612803225e-3,
        "fParOctave Alto Soprano": -1.3989269214111824,
        "fLTDoubling Bass Tenor": -4.021736370965497,
        "fTensionDoubling Bass Soprano": -10.271400874610233,
        "f3rdDoubling Tenor Soprano": 1.8672702129595882,
        "fNoDoubling Bass Alto": 2.923363919751412,
        "fParOctave Bass Alto": -4.186838578463573,
        "fSkipThenArpg Soprano": 0.2759618518866952,
        "fLTDoubling Tenor Soprano": 0.15499212564252537,
        "fForeign Tenor": -1.6287408146302313,
        "fHiddenOctave Tenor Soprano": 7.871919479690484e-2,
        "fMelodyHolds Alto": -0.26737221350769086,