{
    "model": {
        "fConsOctave Bass Tenor": -1.4371709665850854,
        "fRootDoubling Tenor Alto": -4.1519335487540125,
        "fCrossing Tenor Alto": -1.4822310791029039,
        "fRelOblique Alto Soprano": 5.77951837219135,
        "fOverlap Tenor Bass": 0.12013255899635658,
        "fRelSimilar Alto Soprano": 5.009662927436261,
        "fParFifth Tenor Soprano": -2.952128883697072,
        "fSkipThenStep Soprano": 1.551307147596542,
        "fHiddenFifth Bass Soprano": -0.3162373446299409,
        "fOverlap Bass Tenor": 0.6749989462457386,
        "fRelStationary Bass Tenor": 5.975552535243642,
        "fForeignDoubling Tenor Soprano": -0.8923850985746945,
        "fSLeapThenConStep Alto": 0.4970677367025348,
        "fMelodyStep Soprano": 7.896023028355531,
        "fLLeapThenElse Soprano": -1.6725614921024325,
        "fConsFifth Bass Soprano": -0.5146760524478159,
        "fLLeapThenConStep Tenor": -1.0897724828300872,
        "fSLeapThenElse Tenor": 0.23909009205294873,
        "fMelodyHolds Bass": 5.719179251894578,
        "fRelContrary Tenor Soprano": 4.772075875043051,
        "f5thDoubling Alto Soprano": -1.8463933231158083,
        "fRelContrary Tenor Alto": 4.641799922725122,
        "fUnison Bass Tenor": 0.14414569329017576,
        "fConsFifth Bass Alto": 2.6940807699547295e-3,
        "fNearestTone Bass": 0.1781173409817034,
        "fMelodyStays Bass": 3.240199119763793,
        "fRelParallel Tenor Alto": 4.6274541915044685,
        "f5thDoubling Bass Alto": -5.2938538884102355,
        "fTensionDoubling Alto Soprano": -3.648640073446403,
        "fTooFarAT": -0.6606742794567014,
        "fParOctave Bass Soprano": -4.589424426363885,
        "f3rdDoubling Bass Tenor": -0.45802940689554206,
        "fNoDoubling Bass Soprano": 2.8725806801378577,
        "fMelodyStays Soprano": 4.734667899916031,
        "fLTDoubling Tenor Alto": 1.968863802611364,
        "fNearestTone Soprano": 0.2344246129856159,
        "fUnison Tenor Soprano": -0.40771921364112673,
        "fSkipThenArpg Alto": 0.14119116953979058,
        "fForeignLT Tenor": -0.20365425153577382,
        "fMelodySkip Bass": 2.522421482106196,
        "fMelodyHolds Soprano": 6.169240908395005,
        "fMelodyLeap Tenor": 4.952339842033135,
        "fHiddenOctave Tenor Alto": -1.4261182074866823,
        "fOutOfRange Bass": -1.3128196723521193,
        "fRelStationary Alto Soprano": 6.962604938069854,
        "fRootDoubling Bass Alto": 1.3305790649779246,
        "fOverlap Alto Soprano": -0.6079754088086583,
        "fCrossing Bass Alto": -0.3578430201746317,
        "fCrossing Bass Soprano": -0.4339815008547499,
        "fConsOctave Alto Soprano": -0.20312003482303803,
        "fRootDoubling Bass Soprano": 4.6217636907122515,
        "fOverlap Soprano Alto": 0.14914656200654133,
        "fRelSimilar Bass Tenor": 4.185942622927521,
        "fMelodyOverleap Bass": 0.21167161367487683,
        "fTooFarSA": -0.7130889960048591,
        "fHiddenFifth Tenor Alto": -3.508147385327419e-2,
        "fRelOblique Bass Tenor": 5.375568558757586,
        "fHiddenFifth Tenor Soprano": 0.7655200912026621,
        "fOutOfRange Soprano": -1.6001920986634999,
        "fDissLeap Bass": -1.2609740227095374,
        "fForeignDoubling Alto Soprano": -0.8549133989844063,
        "fSLeapThenConStep Tenor": 0.29099279284366825,
        "fMelodyOverleap Soprano": -1.522290843425194,
        "fConsOctave Bass Alto": -1.038272725074126,
        "fCommonTone Bass": 2.5536827169761027,
        "fParUnison Bass Soprano": -0.134276430418613,
        "fRelOblique Tenor Soprano": 5.805508219146522,
        "fParFifth Alto Soprano": -3.7134033880586634,
        "fRelStationary Bass Alto": 6.31833656243445,
        "fOverlap Bass Alto": -0.32465311058662316,
        "fRelSimilar Tenor Soprano": 4.823579218736706,
        "fMelodySkip Tenor": 4.24657624763303,
        "fNoDoubling Tenor Alto": -1.9545665614065528,
        "fHiddenOctave Bass Soprano": -1.3959306688155382,
        "fLTDoubling Bass Soprano": 4.555684031409356,
        "fHiddenOctave Bass Alto": 0.5396512309577849,
        "fRelParallel Bass Soprano": 4.307893560571788,
        "fParOctave Tenor Alto": -2.141631661477913,
        "fTensionDoubling Bass Tenor": -9.159904673587082,
        "fNoDoubling Tenor Soprano": -2.2350498032332173,
        "fParOctave Tenor Soprano": -4.324231932785617,
        "fRelParallel Bass Alto": 4.42943412583557,
        "fLTDoubling Bass Alto": 2.1492519174509646,
        "fForeign Bass": -1.0819754816180387,
        "f3rdDoubling Alto Soprano": -1.5889524571600144,
        "fNearestTone Tenor": -0.1160735070504757,
        "fForeign Alto": -1.4412676672757574,
        "fParOctave Bass Tenor": -5.0733480745118005,
        "fMelodyHolds Tenor": 5.051403447481769,
        "fHiddenOctave Alto Soprano": -0.6370266469344787,
        "fConsFifth Tenor Soprano": 0.6825669630866396,
        "f3rdDoubling Bass Soprano": 3.349594811542899,
        "fMelodyStays Tenor": 4.367916246225607,
        "fMelodyLeap Soprano": 5.088918411228579,
        "fLTDoubling Alto Soprano": 0.5182159598121611,
        "fTensionDoubling Tenor Alto": -3.34360969440657,
        "fRelParallel Alto Soprano": 4.779166991869123,
        "fRelContrary Bass Alto": 4.564470609676328,
        "fNoDoubling Bass Tenor": -0.23395987673772192,
        "fForeignLT Soprano": -0.737593760133659,
        "fSkipThenElse Soprano": 1.683099323279135,
        "fMelodyStep Bass": 7.964618806643809,
        "fCommonTone Tenor": 0.4685826582475915,
        "fSLeapThenSimStep Soprano": 0.11970245358569742,
        "fParFifth Bass Tenor": -3.6087030893265766,
        "fParUnison Tenor Alto": -0.728145246647671,
        "fParUnison Tenor Soprano": -0.14950223967942566,
        "fDissLeap Tenor": -1.5177529626430442,
        "fSLeapThenSimStep Alto": -0.31864142815253843,
        "fForeignDoubling Bass Tenor": -1.541355832611775,
        "fSkipThenElse Alto": -2.722287951664029e-2,
        "fSkipThenStep Bass": 0.9795877168195741,
        "fLLeapThenElse Bass": -2.4491895468487526,
        "fSLeapThenConStep Soprano": 0.3193054264491313,
        "fHiddenFifth Bass Alto": 2.1235499888225617,
        "fChord": 18.496044685070814,
        "fParFifth Tenor Alto": -3.4933368655636543,
        "fOutOfRange Tenor": -2.9133016591100493,
        "fSkipThenStep Alto": -0.8892026588088293,
        "fMelodyOverleap Tenor": -7.862479479223699,
        "fSLeapThenSimStep Bass": -1.1817689840594956,
        "fCrossing Tenor Soprano": -0.8411653901408451,
        "fSkipThenElse Bass": 2.1241933005112283,
        "fParUnison Bass Tenor": -2.422269051412394,
        "fLLeapThenElse Alto": -1.4274384177832053,
        "fRootDoubling Tenor Soprano": -3.371339647483172,
        "fMelodyStep Alto": 7.532483599644566,
        "fForeignDoubling Tenor Alto": -0.20070492374132573,
        "fRelParallel Bass Tenor": 4.0613966356326685,
        "fSkipThenArpg Bass": 2.613829962731357,
        "fNoDoubling Alto Soprano": -1.884276432726014,
        "fMelodySkip Soprano": 3.853593138932038,
        "fTensionDoubling Bass Alto": -7.764061198469267,
        "f3rdDoubling Tenor Alto": -1.5567287332730766,
        "fMelodySkip Alto": 5.353919454636408,
        "fHiddenOctave Bass Tenor": 0.36265641089783424,
        "fParOctave Alto Soprano": -2.063420764815131,
        "fLTDoubling Bass Tenor": 1.0195792069743577,
        "fTensionDoubling Bass Soprano": -10.43593148785431,
        "f3rdDoubling Tenor Soprano": -1.1868703764933324,
        "fNoDoubling Bass Alto": -0.7497055500026555,
        "fParOctave Bass Alto": -4.728650949422843,
        "fSkipThenArpg Soprano": 2.0603552509871954,
        "fLTDoubling Tenor Soprano": 4.249124650349101,
        "fForeign Tenor": -1.5600847263772744,
        "fHiddenOctave Tenor Soprano": 0.28306668051724687,
        "fMelodyHolds Alto": 4.964764442325713,
        "fRelParallel Tenor Soprano": 4.697177297787645,