{
    "model": {
        "fConsOctave Bass Tenor": -1.3086632501313198,
        "fRootDoubling Tenor Alto": -1.5999806547790547,
        "fCrossing Tenor Alto": -1.0897922872764338,
        "fRelOblique Alto Soprano": 1.3679838690125377,
        "fOverlap Tenor Bass": 0.14279689690197675,
        "fRelSimilar Alto Soprano": 1.3143830410651975,
        "fParFifth Tenor Soprano": -3.2096795964872324,
        "fSkipThenStep Soprano": -0.5750807653393923,
        "fHiddenFifth Bass Soprano": -0.4395982231190276,
        "fOverlap Bass Tenor": 0.6724567830311445,
        "fRelStationary Bass Tenor": 0.28393476889205294,
        "fForeignDoubling Tenor Soprano": 0.26329155653941194,
        "fSLeapThenConStep Alto": 5.419407648700768e-2,
        "fMelodyStep Soprano": 9.613569760226595e-2,
        "fLLeapThenElse Soprano": -1.8677035107090563,
        "fConsFifth Bass Soprano": -0.6396042503494327,
        "fLLeapThenConStep Tenor": -1.4631206104084438,
        "fSLeapThenElse Tenor": -4.912171868744767e-2,
        "fMelodyHolds Bass": 0.35389350540951353,
        "fRelContrary Tenor Soprano": 0.8845679355331375,
        "f5thDoubling Alto Soprano": 1.2966573446300327,
        "fRelContrary Tenor Alto": 1.2398363228446594,
        "fUnison Bass Tenor": 0.14910158016984967,
        "fConsFifth Bass Alto": -0.2017120269892802,
        "fNearestTone Bass": -0.4669757057953289,
        "fMelodyStays Bass": -2.491405372622685,
        "fRelParallel Tenor Alto": 1.2287170539252543,
        "f5thDoubling Bass Alto": -3.319762246535086,
        "fTensionDoubling Alto Soprano": -1.5582098966131772,
        "fTooFarAT": -0.5532224281989401,
        "fParOctave Bass Soprano": -4.493723058359961,
        "f3rdDoubling Bass Tenor": 3.542241680831186,
        "fNoDoubling Bass Soprano": 6.187286537683643,
        "fMelodyStays Soprano": -1.0011274409558701,
        "fLTDoubling Tenor Alto": -2.4898607331935345,
        "fNearestTone Soprano": -0.19788354223683485,
        "fUnison Tenor Soprano": -0.33608509563278,
        "fSkipThenArpg Alto": -1.538582751886868,
        "fForeignLT Tenor": 30.03526029012227,
        "fMelodySkip Bass": -3.318104294094516,
        "fMelodyHolds Soprano": 0.4551092939447218,
        "fMelodyLeap Tenor": -2.1516199290602254,
        "fHiddenOctave Tenor Alto": -1.2327808002835412,
        "fOutOfRange Bass": -1.9071493849498182,
        "fRelStationary Alto Soprano": 1.903207538746374,
        "fRootDoubling Bass Alto": 4.564025087573183,
        "fOverlap Alto Soprano": -0.9009867156107413,
        "fCrossing Bass Alto": -0.6217418838405158,
        "fCrossing Bass Soprano": -0.2737047065851544,
        "fConsOctave Alto Soprano": -1.3235815485298341e-2,
        "fRootDoubling Bass Soprano": 8.32478272447457,
        "fOverlap Soprano Alto": -5.349284872220082e-2,
        "fRelSimilar Bass Tenor": 0.22549142832583524,
        "fMelodyOverleap Bass": -1.524989432411454,
        "fTooFarSA": -0.3919592079351627,
        "fHiddenFifth Tenor Alto": -0.19317056999206034,
        "fRelOblique Bass Tenor": 0.47643342846140796,
        "fHiddenFifth Tenor Soprano": 0.6770383124001553,
        "fOutOfRange Soprano": -5.0292722224419775,
        "fDissLeap Bass": -1.2504553576572492,
        "fForeignDoubling Alto Soprano": -1.6598099928635625e-2,
        "fSLeapThenConStep Tenor": 5.059052779172368e-2,
        "fMelodyOverleap Soprano": -7.496057073723401,
        "fConsOctave Bass Alto": -0.9837381461426525,
        "fCommonTone Bass": 2.803032438304049,
        "fParUnison Bass Soprano": -0.12328202059054348,
        "fRelOblique Tenor Soprano": 1.0560418372256044,
        "fParFifth Alto Soprano": -3.703560572062105,
        "fRelStationary Bass Alto": 0.715124817813069,
        "fOverlap Bass Alto": -0.5486105597442732,
        "fRelSimilar Tenor Soprano": 0.9343917472096349,
        "fMelodySkip Tenor": -1.3924407913736851,
        "fNoDoubling Tenor Alto": 1.0240200261719186,
        "fHiddenOctave Bass Soprano": -1.634873517172923,
        "fLTDoubling Bass Soprano": -1.8924918478055115,
        "fHiddenOctave Bass Alto": 0.2301652948609397,
        "fRelParallel Bass Soprano": -0.13332544963181103,
        "fParOctave Tenor Alto": -1.540755765952051,
        "fTensionDoubling Bass Tenor": -10.647572129518691,
        "fNoDoubling Tenor Soprano": 0.39264231239510383,
        "fParOctave Tenor Soprano": -3.8384847270629825,
        "fRelParallel Bass Alto": 0.7154015034425301,
        "fLTDoubling Bass Alto": -3.646201433033308,
        "fForeign Bass": -0.9506165117282773,
        "f3rdDoubling Alto Soprano": 0.7982372152918857,
        "fNearestTone Tenor": -0.2585076239249195,
        "fForeign Alto": -1.1936223318970471,
        "fParOctave Bass Tenor": -4.621215350093605,
        "fMelodyHolds Tenor": -7.843167849833192e-2,
        "fHiddenOctave Alto Soprano": -2.1643751438474332e-2,
        "fConsFifth Tenor Soprano": 0.8156667749866702,
        "f3rdDoubling Bass Soprano": 6.275970000092698,
        "fMelodyStays Tenor": -0.8045262566113259,
        "fMelodyLeap Soprano": -2.3454520896539575,
        "fLTDoubling Alto Soprano": -2.454372764831055,
        "fTensionDoubling Tenor Alto": -1.0428599786801331,
        "fRelParallel Alto Soprano": 1.144206904938876,
        "fRelContrary Bass Alto": 0.8405182331500662,
        "fNoDoubling Bass Tenor": 4.073628085663987,
        "fForeignLT Soprano": 15.871959214311001,
        "fSkipThenElse Soprano": -0.5562602959715527,
        "fMelodyStep Bass": -4.859197382738477e-2,
        "fCommonTone Tenor": 0.43678033257086846,
        "fSLeapThenSimStep Soprano": -2.3140845339134325e-2,
        "fParFifth Bass Tenor": -3.411585990566233,
        "fParUnison Tenor Alto": -0.6565145112524835,
        "fParUnison Tenor Soprano": -2.263850230096416e-2,
        "fDissLeap Tenor": -1.518360889797759,
        "fSLeapThenSimStep Alto": -0.5732772985182443,
        "fForeignDoubling Bass Tenor": -1.2641133054590237,
        "fSkipThenElse Alto": -1.8123409596032585,
        "fSkipThenStep Bass": -1.266820810126744,
        "fLLeapThenElse Bass": -3.4441696191360394,
        "fSLeapThenConStep Soprano": -2.849118945699907e-2,
        "fHiddenFifth Bass Alto": 2.069048995575166,
        "fChord": 17.658733629163162,
        "fParFifth Tenor Alto": -3.2923333225016718,
        "fOutOfRange Tenor": -2.7540682524610935,
        "fSkipThenStep Alto": -2.657473537134021,
        "fMelodyOverleap Tenor": -2.719994617486958,
        "fSLeapThenSimStep Bass": -2.2144295995089394,
        "fCrossing Tenor Soprano": -0.8115973211646271,
        "fSkipThenElse Bass": -0.15345169558038363,
        "fParUnison Bass Tenor": -2.3269791362322385,
        "fLLeapThenElse Alto": -1.7674349912938856,
        "fRootDoubling Tenor Soprano": -0.7543394915911237,
        "fMelodyStep Alto": 0.2984843678288062,
        "fForeignDoubling Tenor Alto": 0.29154262080269194,
        "fRelParallel Bass Tenor": 0.11455971266502109,
        "fSkipThenArpg Bass": 0.34559220514382877,
        "fNoDoubling Alto Soprano": 0.9650250837657198,
        "fMelodySkip Soprano": -1.8978697073322057,
        "fTensionDoubling Bass Alto": -8.028226070270074,
        "f3rdDoubling Tenor Alto": 1.76092596699569,
        "fMelodySkip Alto": -0.19348152956650183,
        "fHiddenOctave Bass Tenor": 0.24523032615108323,
        "fParOctave Alto Soprano": -1.7747136731365516,
        "fLTDoubling Bass Tenor": -4.0021271409082075,
        "fTensionDoubling Bass Soprano": -9.050587502667511,
        "f3rdDoubling Tenor Soprano": 1.527501786447559,
        "fNoDoubling Bass Alto": 2.729457609151451,
        "fParOctave Bass Alto": -4.458061114468762,
        "fSkipThenArpg Soprano": 0.2612616717307203,
        "fLTDoubling Tenor Soprano": -1.8381689935008099,
        "fForeign Tenor": -1.597819691404561,
        "fHiddenOctave Tenor Soprano": 0.1540033064459188,
        "fMelodyHolds Alto": 6.258384015483903e-2,