{
    "model": {
        "fConsOctave Bass Tenor": -1.3057216745137175,
        "fRootDoubling Tenor Alto": -1.3508181913382586,
        "fCrossing Tenor Alto": -1.023441927291786,
        "fRelOblique Alto Soprano": 1.2580802319892164,
        "fOverlap Tenor Bass": 3.976428584387813e-2,
        "fRelSimilar Alto Soprano": 1.200123477343492,
        "fParFifth Tenor Soprano": -2.9800191486243848,
        "fSkipThenStep Soprano": -0.6242453654251774,
        "fHiddenFifth Bass Soprano": -0.407964918390698,
        "fOverlap Bass Tenor": 0.5490796490206512,
        "fRelStationary Bass Tenor": 0.13404392306596538,
        "fForeignDoubling Tenor Soprano": -1.4963725690735675e-3,
        "fSLeapThenConStep Alto": -8.808432029021356e-3,
        "fMelodyStep Soprano": 5.39570971732095e-2,
        "fLLeapThenElse Soprano": -1.6764401256232906,
        "fConsFifth Bass Soprano": -0.5341207206251329,
        "fLLeapThenConStep Tenor": -1.5309239787944464,
        "fSLeapThenElse Tenor": -0.1318042877403842,
        "fMelodyHolds Bass": 0.28271548696402,
        "fRelContrary Tenor Soprano": 0.7296017409489765,
        "f5thDoubling Alto Soprano": 0.8878496318832599,
        "fRelContrary Tenor Alto": 1.253629611488434,
        "fUnison Bass Tenor": -0.10887628351038489,
        "fConsFifth Bass Alto": -0.1808607722599038,
        "fNearestTone Bass": -0.46830370256805925,
        "fMelodyStays Bass": -2.528776783649342,
        "fRelParallel Tenor Alto": 1.232121326240449,
        "f5thDoubling Bass Alto": -3.2046305766730754,
        "fTensionDoubling Alto Soprano": -1.4570318868346004,
        "fTooFarAT": -0.3338369501656595,
        "fParOctave Bass Soprano": -4.295538834394903,
        "f3rdDoubling Bass Tenor": 3.9728560007397284,
        "fNoDoubling Bass Soprano": 6.311892987719848,
        "fMelodyStays Soprano": -0.9348316011794293,
        "fLTDoubling Tenor Alto": -1.5010038452272698,
        "fNearestTone Soprano": -0.23039901132806892,
        "fUnison Tenor Soprano": -0.6005550700790935,
        "fSkipThenArpg Alto": -1.50207486821421,
        "fForeignLT Tenor": 1.1649846449707213,
        "fMelodySkip Bass": -3.680994525405127,
        "fMelodyHolds Soprano": 0.49352568747843095,
        "fMelodyLeap Tenor": -2.2948451950461313,
        "fHiddenOctave Tenor Alto": -1.3166556333517765,
        "fOutOfRange Bass": -1.6298518393504877,
        "fRelStationary Alto Soprano": 1.6788590540663448,
        "fRootDoubling Bass Alto": 4.37228850240563,
        "fOverlap Alto Soprano": -0.9068501781106495,
        "fCrossing Bass Alto": -0.4085766199492812,
        "fCrossing Bass Soprano": -0.3957837175957684,
        "fConsOctave Alto Soprano": 1.1483233514073368e-2,
        "fRootDoubling Bass Soprano": 8.105770083590736,
        "fOverlap Soprano Alto": 4.756843495070388e-2,
        "fRelSimilar Bass Tenor": 0.18566836619835209,
        "fMelodyOverleap Bass": -1.5946179580200295,
        "fTooFarSA": -0.36924694563637844,
        "fHiddenFifth Tenor Alto": -5.4081843474001204e-2,
        "fRelOblique Bass Tenor": 0.3870487251906805,
        "fHiddenFifth Tenor Soprano": 0.4841700145581794,
        "fOutOfRange Soprano": -4.885385671807614,
        "fDissLeap Bass": -1.3669575897982642,
        "fForeignDoubling Alto Soprano": -0.15115615458581824,
        "fSLeapThenConStep Tenor": 5.4421882796483995e-2,
        "fMelodyOverleap Soprano": -3.1338804917745398,
        "fConsOctave Bass Alto": -0.8288794068069427,
        "fCommonTone Bass": 2.746881060249774,
        "fParUnison Bass Soprano": -3.9813666090149746e-2,
        "fRelOblique Tenor Soprano": 0.9263454658493953,
        "fParFifth Alto Soprano": -3.3542045837805765,
        "fRelStationary Bass Alto": 0.4702861195899415,
        "fOverlap Bass Alto": -0.44720326004210337,
        "fRelSimilar Tenor Soprano": 0.7847970311133166,
        "fMelodySkip Tenor": -1.5958245955224364,
        "fNoDoubling Tenor Alto": 1.1080219416351047,
        "fHiddenOctave Bass Soprano": -1.6430197624486405,
        "fLTDoubling Bass Soprano": 0.9344794975925123,
        "fHiddenOctave Bass Alto": 0.20818499380147076,
        "fRelParallel Bass Soprano": -0.13157712317233328,
        "fParOctave Tenor Alto": -1.636135818860391,
        "fTensionDoubling Bass Tenor": -8.784216460477401,
        "fNoDoubling Tenor Soprano": 0.3483133915462085,
        "fParOctave Tenor Soprano": -3.888735625411105,
        "fRelParallel Bass Alto": 0.699820217702834,
        "fLTDoubling Bass Alto": -2.526766828032628,
        "fForeign Bass": -1.022538514090105,
        "f3rdDoubling Alto Soprano": 1.0306618045083913,
        "fNearestTone Tenor": -0.35365039943288246,
        "fForeign Alto": -1.41021698665479,
        "fParOctave Bass Tenor": -4.60290594069888,
        "fMelodyHolds Tenor": -0.16953537023632703,
        "fHiddenOctave Alto Soprano": -0.13365840978607174,
        "fConsFifth Tenor Soprano": 0.7268998689912483,
        "f3rdDoubling Bass Soprano": 6.703796475404712,
        "fMelodyStays Tenor": -0.8940000045644284,
        "fMelodyLeap Soprano": -2.364664561449663,
        "fLTDoubling Alto Soprano": -0.6522914038065831,
        "fTensionDoubling Tenor Alto": -0.8370880135522867,
        "fRelParallel Alto Soprano": 1.0106253772919171,
        "fRelContrary Bass Alto": 0.8360267307792637,
        "fNoDoubling Bass Tenor": 4.276533931025751,
        "fForeignLT Soprano": 3.4387070844735086,
        "fSkipThenElse Soprano": -0.6155760590928727,
        "fMelodyStep Bass": -0.36705178941879163,
        "fCommonTone Tenor": 0.36138078689682346,
        "fSLeapThenSimStep Soprano": 0.1116755576309172,
        "fParFifth Bass Tenor": -3.456986534835556,
        "fParUnison Tenor Alto": -0.7391405144581844,
        "fParUnison Tenor Soprano": -5.708890433452194e-2,
        "fDissLeap Tenor": -1.4312087862822787,
        "fSLeapThenSimStep Alto": -0.5355794018089336,
        "fForeignDoubling Bass Tenor": -0.7301192440271729,
        "fSkipThenElse Alto": -1.7819403127678766,
        "fSkipThenStep Bass": -1.2882859244976093,
        "fLLeapThenElse Bass": -3.613772072490937,
        "fSLeapThenConStep Soprano": -2.5612825001115096e-2,
        "fHiddenFifth Bass Alto": 1.9626932350990351,
        "fChord": 17.021322849843738,
        "fParFifth Tenor Alto": -3.2336772099242053,
        "fOutOfRange Tenor": -2.710155834118669,
        "fSkipThenStep Alto": -2.679131789280418,
        "fMelodyOverleap Tenor": -3.7802829416004844,
        "fSLeapThenSimStep Bass": -2.234195511917082,
        "fCrossing Tenor Soprano": -0.6137204299277556,
        "fSkipThenElse Bass": -0.13757237168273193,
        "fParUnison Bass Tenor": -2.5649992558136803,
        "fLLeapThenElse Alto": -1.7676735674983528,
        "fRootDoubling Tenor Soprano": -0.7145674398667227,
        "fMelodyStep Alto": 8.703414839334501e-2,
        "fForeignDoubling Tenor Alto": 0.8545157169965741,
        "fRelParallel Bass Tenor": 0.14926515942195093,
        "fSkipThenArpg Bass": 0.2896127403103334,
        "fNoDoubling Alto Soprano": 0.7486428115239334,
        "fMelodySkip Soprano": -1.8842785277348109,
        "fTensionDoubling Bass Alto": -7.079413105084337,
        "f3rdDoubling Tenor Alto": 1.303105535198084,
        "fMelodySkip Alto": -0.24777731846095155,
        "fHiddenOctave Bass Tenor": 0.18942785347962612,
        "fParOctave Alto Soprano": -1.6797889581592444,
        "fLTDoubling Bass Tenor": -3.3920436866808386,
        "fTensionDoubling Bass Soprano": -9.920818826327046,
        "f3rdDoubling Tenor Soprano": 1.5023495551892376,
        "fNoDoubling Bass Alto": 2.388854362307346,
        "fParOctave Bass Alto": -4.547912815783886,
        "fSkipThenArpg Soprano": 0.4063052243135074,
        "fLTDoubling Tenor Soprano": 0.9070295056462657,
        "fForeign Tenor": -1.7319385855117309,
        "fHiddenOctave Tenor Soprano": 2.242071355901045e-2,
        "fMelodyHolds Alto": 9.582102284187924e-2,