{
    "model": {
        "fConsOctave Bass Tenor": -1.2896758272933746,
        "fRootDoubling Tenor Alto": -0.9114587824620979,
        "fCrossing Tenor Alto": -0.9019794897650146,
        "fRelOblique Alto Soprano": 1.1129493290706187,
        "fOverlap Tenor Bass": 9.943172695241535e-2,
        "fRelSimilar Alto Soprano": 1.0834924501398466,
        "fParFifth Tenor Soprano": -3.172664619164325,
        "fSkipThenStep Soprano": -0.678063956109741,
        "fHiddenFifth Bass Soprano": -0.4281530836434414,
        "fOverlap Bass Tenor": 0.5246006508902665,
        "fRelStationary Bass Tenor": -4.810732590378482e-2,
        "fForeignDoubling Tenor Soprano": 0.17864279866739768,
        "fSLeapThenConStep Alto": 0.13509366306591725,
        "fMelodyStep Soprano": -0.22511246646436697,
        "fLLeapThenElse Soprano": -1.5603851158965956,
        "fConsFifth Bass Soprano": -0.5418676799898515,
        "fLLeapThenConStep Tenor": -1.3864595083751539,
        "fSLeapThenElse Tenor": -0.19366520319156677,
        "fMelodyHolds Bass": 0.25946144937243826,
        "fRelContrary Tenor Soprano": 0.6196612196675233,
        "f5thDoubling Alto Soprano": 1.7359519265519465,
        "fRelContrary Tenor Alto": 1.0915428152692355,
        "fUnison Bass Tenor": 8.152339599119322e-2,
        "fConsFifth Bass Alto": -0.3005473046866932,
        "fNearestTone Bass": -0.6601444565865972,
        "fMelodyStays Bass": -2.6264386938944866,
        "fRelParallel Tenor Alto": 1.1540575808994142,
        "f5thDoubling Bass Alto": -2.858246420913212,
        "fTensionDoubling Alto Soprano": -1.197774253683162,
        "fTooFarAT": -0.33021730735550764,
        "fParOctave Bass Soprano": -4.107209044453421,
        "f3rdDoubling Bass Tenor": 4.481647782123354,
        "fNoDoubling Bass Soprano": 6.726036658003765,
        "fMelodyStays Soprano": -1.2598167614942757,
        "fLTDoubling Tenor Alto": -2.005484685752185,
        "fNearestTone Soprano": -0.41061438222284297,
        "fUnison Tenor Soprano": -0.3321066563506102,
        "fSkipThenArpg Alto": -1.6255492459634449,
        "fForeignLT Tenor": 26.96426985687475,
        "fMelodySkip Bass": -3.31519098109199,
        "fMelodyHolds Soprano": 0.20553044003989693,
        "fMelodyLeap Tenor": -2.712103012521904,
        "fHiddenOctave Tenor Alto": -1.0560634938748146,
        "fOutOfRange Bass": -1.9408929064764526,
        "fRelStationary Alto Soprano": 1.6533921346236176,
        "fRootDoubling Bass Alto": 5.267431987008631,
        "fOverlap Alto Soprano": -0.9024281452554077,
        "fCrossing Bass Alto": -0.4743136918519661,
        "fCrossing Bass Soprano": -0.4208797522502699,
        "fConsOctave Alto Soprano": -0.2035896666001061,
        "fRootDoubling Bass Soprano": 8.680774396968898,
        "fOverlap Soprano Alto": 0.17635578427706913,
        "fRelSimilar Bass Tenor": 7.010297258585318e-2,
        "fMelodyOverleap Bass": -1.4645906287152177,
        "fTooFarSA": -0.2534595351399326,
        "fHiddenFifth Tenor Alto": 5.535370747719169e-2,
        "fRelOblique Bass Tenor": 0.3291881045526198,
        "fHiddenFifth Tenor Soprano": 0.4732320613274835,
        "fOutOfRange Soprano": -1.1210346741720898,
        "fDissLeap Bass": -1.1657438751185927,
        "fForeignDoubling Alto Soprano": -0.11786963654868551,
        "fSLeapThenConStep Tenor": -2.2886481185239047e-2,
        "fMelodyOverleap Soprano": -1.2866934061856667,
        "fConsOctave Bass Alto": -0.7696521887708607,
        "fCommonTone Bass": 2.652706535589237,
        "fParUnison Bass Soprano": 4.166849899360278e-2,
        "fRelOblique Tenor Soprano": 0.8247241983313377,
        "fParFifth Alto Soprano": -3.164799935778447,
        "fRelStationary Bass Alto": 0.29084402334989445,
        "fOverlap Bass Alto": -0.532430041999154,
        "fRelSimilar Tenor Soprano": 0.748838336932011,
        "fMelodySkip Tenor": -1.75949907475904,
        "fNoDoubling Tenor Alto": 1.6291998622878614,
        "fHiddenOctave Bass Soprano": -1.5092962818091917,
        "fLTDoubling Bass Soprano": -1.144518091955606,
        "fHiddenOctave Bass Alto": 0.26890897570262545,
        "fRelParallel Bass Soprano": -0.2618891701079182,
        "fParOctave Tenor Alto": -1.3091308828724733,
        "fTensionDoubling Bass Tenor": -9.573235396573399,
        "fNoDoubling Tenor Soprano": 1.0324901152214843,
        "fParOctave Tenor Soprano": -3.636195734613371,
        "fRelParallel Bass Alto": 0.5588049195345574,
        "fLTDoubling Bass Alto": -3.7860696735483845,
        "fForeign Bass": -0.9198302327075354,
        "f3rdDoubling Alto Soprano": 1.650310834766297,
        "fNearestTone Tenor": -0.16229439088772088,
        "fForeign Alto": -1.1915669942540195,
        "fParOctave Bass Tenor": -4.582963154569947,
        "fMelodyHolds Tenor": -0.5242705286105364,
        "fHiddenOctave Alto Soprano": -0.1129671645440309,
        "fConsFifth Tenor Soprano": 0.6749431322772012,
        "f3rdDoubling Bass Soprano": 7.043800121777323,
        "fMelodyStays Tenor": -1.2064667911527251,
        "fMelodyLeap Soprano": -2.5012301786850175,
        "fLTDoubling Alto Soprano": -1.8874081669899168,
        "fTensionDoubling Tenor Alto": -0.3953396606105451,
        "fRelParallel Alto Soprano": 0.8567975066183147,
        "fRelContrary Bass Alto": 0.6629530405745991,
        "fNoDoubling Bass Tenor": 5.136324962753043,
        "fForeignLT Soprano": 14.162439093875117,
        "fSkipThenElse Soprano": -0.634849227468028,
        "fMelodyStep Bass": -0.3266811369271681,
        "fCommonTone Tenor": 0.3318982820048999,
        "fSLeapThenSimStep Soprano": 0.28943620232705747,
        "fParFifth Bass Tenor": -3.259872935200155,
        "fParUnison Tenor Alto": -0.5689729014706019,
        "fParUnison Tenor Soprano": 1.4983325847878134e-2,
        "fDissLeap Tenor": -1.1690326725362288,
        "fSLeapThenSimStep Alto": -0.5329032942664055,
        "fForeignDoubling Bass Tenor": -1.0727183480638938,
        "fSkipThenElse Alto": -1.8566927187015938,
        "fSkipThenStep Bass": -1.4964033652966535,
        "fLLeapThenElse Bass": -3.81139205944055,
        "fSLeapThenConStep Soprano": 3.239464127139522e-2,
        "fHiddenFifth Bass Alto": 1.9827793161916945,
        "fChord": 16.93635498196832,
        "fParFifth Tenor Alto": -3.1623785681968797,
        "fOutOfRange Tenor": -2.6501923048724265,
        "fSkipThenStep Alto": -2.7869591945905423,
        "fMelodyOverleap Tenor": -2.5885010123898993,
        "fSLeapThenSimStep Bass": -2.3337067892830645,
        "fCrossing Tenor Soprano": -0.7023486509434441,
        "fSkipThenElse Bass": -0.3045001792268194,
        "fParUnison Bass Tenor": -2.109725199240097,
        "fLLeapThenElse Alto": -1.6842543390227538,
        "fRootDoubling Tenor Soprano": 4.010969397198626e-2,
        "fMelodyStep Alto": -0.30427960547623256,
        "fForeignDoubling Tenor Alto": 0.6807916995599527,
        "fRelParallel Bass Tenor": 2.995608549092605e-2,
        "fSkipThenArpg Bass": 0.18045226373356585,
        "fNoDoubling Alto Soprano": 1.4029437827145625,
        "fMelodySkip Soprano": -1.986868227254665,
        "fTensionDoubling Bass Alto": -7.581617929219651,
        "f3rdDoubling Tenor Alto": 2.1512592152691687,
        "fMelodySkip Alto": -0.4999732423817336,
        "fHiddenOctave Bass Tenor": 0.1506271966889587,
        "fParOctave Alto Soprano": -1.4199832628452853,
        "fLTDoubling Bass Tenor": -2.955233752937804,
        "fTensionDoubling Bass Soprano": -8.702275680879628,
        "f3rdDoubling Tenor Soprano": 1.8791192928164178,
        "fNoDoubling Bass Alto": 3.3243565105984287,
        "fParOctave Bass Alto": -4.0908808260981075,
        "fSkipThenArpg Soprano": 0.1981694245396316,
        "fLTDoubling Tenor Soprano": -0.981871495529265,
        "fForeign Tenor": -1.603900721179823,
        "fHiddenOctave Tenor Soprano": 0.15877518610635757,
        "fMelodyHolds Alto": -0.2979708180590486,