{
    "model": {
        "fConsOctave Bass Tenor": -1.076282473426941,
        "fRootDoubling Tenor Alto": -0.712365866226831,
        "fCrossing Tenor Alto": -0.8743673631189368,
        "fRelOblique Alto Soprano": 1.149962646111343,
        "fOverlap Tenor Bass": 0.11238087865699085,
        "fRelSimilar Alto Soprano": 1.0842515223278122,
        "fParFifth Tenor Soprano": -2.7236599772173005,
        "fSkipThenStep Soprano": -0.7531904892333761,
        "fHiddenFifth Bass Soprano": -0.494278703311487,
        "fOverlap Bass Tenor": 0.6190569045514305,
        "fRelStationary Bass Tenor": 0.1539388316300807,
        "fForeignDoubling Tenor Soprano": -0.8359458621632426,
        "fSLeapThenConStep Alto": -5.2482989191721355e-2,
        "fMelodyStep Soprano": -0.25701235135083916,
        "fLLeapThenElse Soprano": -1.5713835479326481,
        "fConsFifth Bass Soprano": -0.5790305885323561,
        "fLLeapThenConStep Tenor": -1.5275008424456409,
        "fSLeapThenElse Tenor": -0.21205894783080623,
        "fMelodyHolds Bass": 0.36178882633261894,
        "fRelContrary Tenor Soprano": 0.7559923293561654,
        "f5thDoubling Alto Soprano": 1.1772360859063098,
        "fRelContrary Tenor Alto": 1.215911386005617,
        "fUnison Bass Tenor": 8.238793423161136e-2,
        "fConsFifth Bass Alto": -0.17557350759984722,
        "fNearestTone Bass": -0.753204281836473,
        "fMelodyStays Bass": -2.541888941636982,
        "fRelParallel Tenor Alto": 1.0847641009624294,
        "f5thDoubling Bass Alto": -2.838505189562564,
        "fTensionDoubling Alto Soprano": -1.2332765225992621,
        "fTooFarAT": -0.27250915759836153,
        "fParOctave Bass Soprano": -3.990539894877048,
        "f3rdDoubling Bass Tenor": 3.8033831845319406,
        "fNoDoubling Bass Soprano": 6.876481145230128,
        "fMelodyStays Soprano": -1.1672079744671922,
        "fLTDoubling Tenor Alto": 1.5103534510556522,
        "fNearestTone Soprano": -0.21979734536269996,
        "fUnison Tenor Soprano": -0.20261048138669704,
        "fSkipThenArpg Alto": -1.4399334065391738,
        "fForeignLT Tenor": 1.2787152509881048e-2,
        "fMelodySkip Bass": -3.2285790816274877,
        "fMelodyHolds Soprano": 0.27110867427818486,
        "fMelodyLeap Tenor": -2.551832214444363,
        "fHiddenOctave Tenor Alto": -1.2861754661140432,
        "fOutOfRange Bass": -1.444277412100781,
        "fRelStationary Alto Soprano": 1.6634500983308371,
        "fRootDoubling Bass Alto": 4.644642412888375,
        "fOverlap Alto Soprano": -0.7452827254710619,
        "fCrossing Bass Alto": -0.359932170745236,
        "fCrossing Bass Soprano": -0.21359826613217994,
        "fConsOctave Alto Soprano": 0.1407369201782901,
        "fRootDoubling Bass Soprano": 8.689025236948037,
        "fOverlap Soprano Alto": 0.1702146832729367,
        "fRelSimilar Bass Tenor": 0.2371155649829099,
        "fMelodyOverleap Bass": -1.4990885152073838,
        "fTooFarSA": -0.5383880235027353,
        "fHiddenFifth Tenor Alto": -0.11870694968900809,
        "fRelOblique Bass Tenor": 0.39348548037272657,
        "fHiddenFifth Tenor Soprano": 0.6383944127241483,
        "fOutOfRange Soprano": -4.304041530770076,
        "fDissLeap Bass": -1.5198189506733997,
        "fForeignDoubling Alto Soprano": -0.1252724729574085,
        "fSLeapThenConStep Tenor": 5.174215638489131e-2,
        "fMelodyOverleap Soprano": -3.5051963195265934,
        "fConsOctave Bass Alto": -0.8576200874227383,
        "fCommonTone Bass": 2.463653262421161,
        "fParUnison Bass Soprano": 1.9660381921940508e-2,
        "fRelOblique Tenor Soprano": 0.8804914424538562,
        "fParFifth Alto Soprano": -3.3408486340144545,
        "fRelStationary Bass Alto": 0.3536705492219577,
        "fOverlap Bass Alto": -0.4392489291574146,
        "fRelSimilar Tenor Soprano": 0.7889487372241426,
        "fMelodySkip Tenor": -1.7534127516269837,
        "fNoDoubling Tenor Alto": 1.80411507641676,
        "fHiddenOctave Bass Soprano": -1.5071865469883206,
        "fLTDoubling Bass Soprano": 3.6882392420704795,
        "fHiddenOctave Bass Alto": 0.10671740953043214,
        "fRelParallel Bass Soprano": -0.3005825253788254,
        "fParOctave Tenor Alto": -1.4913313883299346,
        "fTensionDoubling Bass Tenor": -6.370445026173559,
        "fNoDoubling Tenor Soprano": 1.0441002856723938,
        "fParOctave Tenor Soprano": -3.4617397010943036,
        "fRelParallel Bass Alto": 0.3499575627737907,
        "fLTDoubling Bass Alto": 2.1478815425037063,
        "fForeign Bass": -0.9137169110235795,
        "f3rdDoubling Alto Soprano": 1.5567855830715713,
        "fNearestTone Tenor": -0.24140586735802447,
        "fForeign Alto": -1.287906515331196,
        "fParOctave Bass Tenor": -4.761249451902472,
        "fMelodyHolds Tenor": -0.5269646341125848,
        "fHiddenOctave Alto Soprano": -0.25947834401244757,
        "fConsFifth Tenor Soprano": 0.7083329990962838,
        "f3rdDoubling Bass Soprano": 7.228436555207123,
        "fMelodyStays Tenor": -1.204574922875098,
        "fMelodyLeap Soprano": -2.7042210379998792,
        "fLTDoubling Alto Soprano": 0.7049742738729533,
        "fTensionDoubling Tenor Alto": -0.509227047387511,
        "fRelParallel Alto Soprano": 0.8176457182847613,
        "fRelContrary Bass Alto": 0.5495876710112796,
        "fNoDoubling Bass Tenor": 4.491944110183109,
        "fForeignLT Soprano": -0.26815393691568973,
        "fSkipThenElse Soprano": -0.6652901709298733,
        "fMelodyStep Bass": -0.28685658040446294,
        "fCommonTone Tenor": 0.2216940774184526,
        "fSLeapThenSimStep Soprano": 1.449243482572616e-2,
        "fParFifth Bass Tenor": -3.345256899218035,
        "fParUnison Tenor Alto": -0.5827443541895063,
        "fParUnison Tenor Soprano": -2.0885358568304348e-2,
        "fDissLeap Tenor": -1.7650792401123723,
        "fSLeapThenSimStep Alto": -0.5086417253555728,
        "fForeignDoubling Bass Tenor": -0.96184978863396,
        "fSkipThenElse Alto": -1.8795696398219537,
        "fSkipThenStep Bass": -1.366089757414333,
        "fLLeapThenElse Bass": -3.7663163125806087,
        "fSLeapThenConStep Soprano": -0.13683952637532312,
        "fHiddenFifth Bass Alto": 1.9035477092079762,
        "fChord": 16.767978375033536,
        "fParFifth Tenor Alto": -3.143842543693188,
        "fOutOfRange Tenor": -3.816354035705272,
        "fSkipThenStep Alto": -2.7414114197235198,
        "fMelodyOverleap Tenor": -1.7240309002742007,
        "fSLeapThenSimStep Bass": -2.3783434747556216,
        "fCrossing Tenor Soprano": -0.6828463022101531,
        "fSkipThenElse Bass": -0.2122492110970508,
        "fParUnison Bass Tenor": -2.366274903724867,
        "fLLeapThenElse Alto": -1.6497535178223472,
        "fRootDoubling Tenor Soprano": -9.670352417799502e-2,
        "fMelodyStep Alto": -0.23938741048743062,
        "fForeignDoubling Tenor Alto": 0.303750694359786,
        "fRelParallel Bass Tenor": 0.23251459599370952,
        "fSkipThenArpg Bass": 0.21459583518854547,
        "fNoDoubling Alto Soprano": 1.2662797190242712,
        "fMelodySkip Soprano": -2.1956927969391495,
        "fTensionDoubling Bass Alto": -6.607261368290581,
        "f3rdDoubling Tenor Alto": 1.709282979836645,
        "fMelodySkip Alto": -0.396214697081368,
        "fHiddenOctave Bass Tenor": 5.8218339349309554e-2,
        "fParOctave Alto Soprano": -1.398047756237259,
        "fLTDoubling Bass Tenor": 1.1268423028431327,
        "fTensionDoubling Bass Soprano": -9.950780983357873,
        "f3rdDoubling Tenor Soprano": 2.008746934087914,
        "fNoDoubling Bass Alto": 3.0248651217077214,
        "fParOctave Bass Alto": -4.490441441911462,
        "fSkipThenArpg Soprano": 0.2538354651749723,
        "fLTDoubling Tenor Soprano": 4.28159791037947,
        "fForeign Tenor": -1.653094389988528,
        "fHiddenOctave Tenor Soprano": 0.1420544392614879,
        "fMelodyHolds Alto": -0.2593754225904036,