{
    "model": {
        "fConsOctave Bass Tenor": -1.4038960517023331,
        "fRootDoubling Tenor Alto": -1.2754481617760642,
        "fCrossing Tenor Alto": -0.8889410964240584,
        "fRelOblique Alto Soprano": 1.2173745555443338,
        "fOverlap Tenor Bass": 0.19420379656007156,
        "fRelSimilar Alto Soprano": 1.2152454280762202,
        "fParFifth Tenor Soprano": -2.809729422256822,
        "fSkipThenStep Soprano": -0.6727814278337274,
        "fHiddenFifth Bass Soprano": -0.6254885215232405,
        "fOverlap Bass Tenor": 0.5030960133200664,
        "fRelStationary Bass Tenor": 5.8289766490870705e-2,
        "fForeignDoubling Tenor Soprano": 0.34497189785383453,
        "fSLeapThenConStep Alto": -1.7896389885718404e-3,
        "fMelodyStep Soprano": -0.4695375122104227,
        "fLLeapThenElse Soprano": -1.4231510050514384,
        "fConsFifth Bass Soprano": -0.7006624843207299,
        "fLLeapThenConStep Tenor": -1.6427139528925323,
        "fSLeapThenElse Tenor": -0.13731841695735147,
        "fMelodyHolds Bass": 0.23818969841658366,
        "fRelContrary Tenor Soprano": 0.5824123632727446,
        "f5thDoubling Alto Soprano": 1.304300529456574,
        "fRelContrary Tenor Alto": 1.2915265292771683,
        "fUnison Bass Tenor": -0.1467584497404112,
        "fConsFifth Bass Alto": -0.26336834523172603,
        "fNearestTone Bass": -0.5265992019888347,
        "fMelodyStays Bass": -2.6568613544664292,
        "fRelParallel Tenor Alto": 1.2642427599568888,
        "f5thDoubling Bass Alto": -2.6088976176788807,
        "fTensionDoubling Alto Soprano": -1.307353261333593,
        "fTooFarAT": -0.3882463870910829,
        "fParOctave Bass Soprano": -4.345859272817027,
        "f3rdDoubling Bass Tenor": 4.5016256684803855,
        "fNoDoubling Bass Soprano": 7.216476764392594,
        "fMelodyStays Soprano": -1.524790466527205,
        "fLTDoubling Tenor Alto": -2.062225912965706,
        "fNearestTone Soprano": -6.02585922275628e-2,
        "fUnison Tenor Soprano": -0.6018453953182222,
        "fSkipThenArpg Alto": -1.4552363857377382,
        "fForeignLT Tenor": 31.07937774443008,
        "fMelodySkip Bass": -3.4919692053714257,
        "fMelodyHolds Soprano": -7.487778548235853e-2,
        "fMelodyLeap Tenor": -2.567824932870705,
        "fHiddenOctave Tenor Alto": -1.3741257236695785,
        "fOutOfRange Bass": -1.7556689566177157,
        "fRelStationary Alto Soprano": 1.655225180791566,
        "fRootDoubling Bass Alto": 4.688108952046503,
        "fOverlap Alto Soprano": -0.9127057032214807,
        "fCrossing Bass Alto": -0.3842974254037883,
        "fCrossing Bass Soprano": -0.4029013810498333,
        "fConsOctave Alto Soprano": -0.14269560824905694,
        "fRootDoubling Bass Soprano": 8.915946827991675,
        "fOverlap Soprano Alto": 7.860949020299242e-3,
        "fRelSimilar Bass Tenor": 2.704524163772303e-2,
        "fMelodyOverleap Bass": -1.5621569465395129,
        "fTooFarSA": -0.37047770905097094,
        "fHiddenFifth Tenor Alto": -1.7110141764459027e-3,
        "fRelOblique Bass Tenor": 0.3065423962062571,
        "fHiddenFifth Tenor Soprano": 0.541304975868389,
        "fOutOfRange Soprano": -4.2726660967733965,
        "fDissLeap Bass": -1.1759263010580283,
        "fForeignDoubling Alto Soprano": -0.18820782609462672,
        "fSLeapThenConStep Tenor": 4.270447050270743e-2,
        "fMelodyOverleap Soprano": -5.352222662742809,
        "fConsOctave Bass Alto": -0.812121694739776,
        "fCommonTone Bass": 2.823163939630827,
        "fParUnison Bass Soprano": -2.76554330425721e-2,
        "fRelOblique Tenor Soprano": 0.8132903533068407,
        "fParFifth Alto Soprano": -3.470851470538517,
        "fRelStationary Bass Alto": 0.3100785216942907,
        "fOverlap Bass Alto": -0.5100310130566459,
        "fRelSimilar Tenor Soprano": 0.6539271785942645,
        "fMelodySkip Tenor": -1.7269177418215507,
        "fNoDoubling Tenor Alto": 1.4763004290645312,
        "fHiddenOctave Bass Soprano": -1.6274279008082952,
        "fLTDoubling Bass Soprano": 0.7406900342928878,
        "fHiddenOctave Bass Alto": 0.3270177225030051,
        "fRelParallel Bass Soprano": -0.5554968380042825,
        "fParOctave Tenor Alto": -1.52652354485312,
        "fTensionDoubling Bass Tenor": -9.624929876613947,
        "fNoDoubling Tenor Soprano": 0.5784241701088054,
        "fParOctave Tenor Soprano": -3.8483323712819857,
        "fRelParallel Bass Alto": 0.3927868755768763,
        "fLTDoubling Bass Alto": -3.160977119428756,
        "fForeign Bass": -0.847213850617154,
        "f3rdDoubling Alto Soprano": 1.192236297934399,
        "fNearestTone Tenor": -0.27249327870030343,
        "fForeign Alto": -1.1617641537543384,
        "fParOctave Bass Tenor": -4.714169068165697,
        "fMelodyHolds Tenor": -0.3732336045958249,
        "fHiddenOctave Alto Soprano": -4.9806722593792555e-2,
        "fConsFifth Tenor Soprano": 0.6920103263681755,
        "f3rdDoubling Bass Soprano": 7.652033609028288,
        "fMelodyStays Tenor": -1.129937121678177,
        "fMelodyLeap Soprano": -2.582118901777318,
        "fLTDoubling Alto Soprano": -0.8355263215604574,
        "fTensionDoubling Tenor Alto": -0.5713011480951673,
        "fRelParallel Alto Soprano": 1.0373414539882084,
        "fRelContrary Bass Alto": 0.4814453870260746,
        "fNoDoubling Bass Tenor": 4.901489343799522,
        "fForeignLT Soprano": 16.576805425936456,
        "fSkipThenElse Soprano": -0.6219445785967278,
        "fMelodyStep Bass": -0.20221843674943285,
        "fCommonTone Tenor": 0.37456635277095607,
        "fSLeapThenSimStep Soprano": 0.13258933405508144,
        "fParFifth Bass Tenor": -3.5206781060741146,
        "fParUnison Tenor Alto": -0.6781121419272761,
        "fParUnison Tenor Soprano": 0.10124267505845196,
        "fDissLeap Tenor": -1.494827280003505,
        "fSLeapThenSimStep Alto": -0.5201116845160063,
        "fForeignDoubling Bass Tenor": -1.290554744745678,
        "fSkipThenElse Alto": -1.8830602664382337,
        "fSkipThenStep Bass": -1.3121686926234692,
        "fLLeapThenElse Bass": -3.7449886860226456,
        "fSLeapThenConStep Soprano": -0.1880776856860953,
        "fHiddenFifth Bass Alto": 1.9246873971383156,
        "fChord": 17.281626945380022,
        "fParFifth Tenor Alto": -3.345389622365276,
        "fOutOfRange Tenor": -2.8652003204059917,
        "fSkipThenStep Alto": -2.6924590072908816,
        "fMelodyOverleap Tenor": -1.9928607801740355,
        "fSLeapThenSimStep Bass": -2.404433177513628,
        "fCrossing Tenor Soprano": -0.7094937024734501,
        "fSkipThenElse Bass": -0.13085050861241196,
        "fParUnison Bass Tenor": -2.607552690204901,
        "fLLeapThenElse Alto": -1.8221823520620692,
        "fRootDoubling Tenor Soprano": -0.5540156162874434,
        "fMelodyStep Alto": -0.26887985465742736,
        "fForeignDoubling Tenor Alto": 0.6964635631427362,
        "fRelParallel Bass Tenor": 6.0005022838574354e-2,
        "fSkipThenArpg Bass": 0.2864678556587396,
        "fNoDoubling Alto Soprano": 1.0233883098514773,
        "fMelodySkip Soprano": -2.252080239590714,
        "fTensionDoubling Bass Alto": -7.2166592247140295,
        "f3rdDoubling Tenor Alto": 1.710074669126298,
        "fMelodySkip Alto": -0.4916940918323193,
        "fHiddenOctave Bass Tenor": 0.20933872057748087,
        "fParOctave Alto Soprano": -1.498480142275042,
        "fLTDoubling Bass Tenor": -4.198943467933915,
        "fTensionDoubling Bass Soprano": -11.06341659807333,
        "f3rdDoubling Tenor Soprano": 1.5706219875654137,
        "fNoDoubling Bass Alto": 2.6659359325683174,
        "fParOctave Bass Alto": -4.369588822389998,
        "fSkipThenArpg Soprano": 0.4371344273520003,
        "fLTDoubling Tenor Soprano": 0.9697490633308034,
        "fForeign Tenor": -1.5243977648595517,
        "fHiddenOctave Tenor Soprano": 9.282348827779047e-2,
        "fMelodyHolds Alto": -0.3193751127756384,