{
    "model": {
        "fConsOctave Bass Tenor": -0.8436179646494024,
        "fRootDoubling Tenor Alto": -1.0030634180215405,
        "fCrossing Tenor Alto": -0.8780390267120909,
        "fRelOblique Alto Soprano": 1.227427935067194,
        "fOverlap Tenor Bass": 2.9926080076052124e-2,
        "fRelSimilar Alto Soprano": 1.2145843814759179,
        "fParFifth Tenor Soprano": -2.466032099049504,
        "fSkipThenStep Soprano": -0.5721051213870897,
        "fHiddenFifth Bass Soprano": -0.36663081085445604,
        "fOverlap Bass Tenor": 0.32618499591075256,
        "fRelStationary Bass Tenor": 0.654592549634889,
        "fForeignDoubling Tenor Soprano": -0.46397672538665335,
        "fSLeapThenConStep Alto": 0.17255980532454354,
        "fMelodyStep Soprano": 0.4865530281311967,
        "fLLeapThenElse Soprano": -1.6034040592296448,
        "fConsFifth Bass Soprano": -0.39531680403932706,
        "fLLeapThenConStep Tenor": -1.4284966644607389,
        "fSLeapThenElse Tenor": -7.755550516131232e-3,
        "fMelodyHolds Bass": 0.8132866443296621,
        "fRelContrary Tenor Soprano": 0.6125246098677888,
        "f5thDoubling Alto Soprano": 1.107056339218418,
        "fRelContrary Tenor Alto": 0.8112265339583474,
        "fUnison Bass Tenor": 0.4187725732159258,
        "fConsFifth Bass Alto": -9.496757243315355e-2,
        "fNearestTone Bass": -0.3686722357032977,
        "fMelodyStays Bass": -1.9704102953780775,
        "fRelParallel Tenor Alto": 0.8737044348561295,
        "f5thDoubling Bass Alto": -3.022479159576228,
        "fTensionDoubling Alto Soprano": -0.9878269095546387,
        "fTooFarAT": -0.21867498806271912,
        "fParOctave Bass Soprano": -3.655824833886095,
        "f3rdDoubling Bass Tenor": 2.4179774973940256,
        "fNoDoubling Bass Soprano": 4.2463195197996955,
        "fMelodyStays Soprano": -0.7030427640545295,
        "fLTDoubling Tenor Alto": 1.155114221231655,
        "fNearestTone Soprano": 1.5019998355954644e-2,
        "fUnison Tenor Soprano": -7.661731858901835e-2,
        "fSkipThenArpg Alto": -0.881556513691675,
        "fForeignLT Tenor": 1.2112902424767409,
        "fMelodySkip Bass": -2.478892793268032,
        "fMelodyHolds Soprano": 0.736656185945676,
        "fMelodyLeap Tenor": -1.819782176835113,
        "fHiddenOctave Tenor Alto": -0.8203985548487418,
        "fOutOfRange Bass": -1.5456470073602921,
        "fRelStationary Alto Soprano": 1.7655124329274965,
        "fRootDoubling Bass Alto": 4.077330050552018,
        "fOverlap Alto Soprano": -0.9889686224082704,
        "fCrossing Bass Alto": -0.23794644411649787,
        "fCrossing Bass Soprano": -9.081727488244414e-2,
        "fConsOctave Alto Soprano": 0.12626534357788974,
        "fRootDoubling Bass Soprano": 6.082439766366219,
        "fOverlap Soprano Alto": -0.12322888606706123,
        "fRelSimilar Bass Tenor": 0.20776942262912243,
        "fMelodyOverleap Bass": -1.1883946655960431,
        "fTooFarSA": -0.23364432272376273,
        "fHiddenFifth Tenor Alto": -7.89917365409732e-2,
        "fRelOblique Bass Tenor": 0.6654002671003152,
        "fHiddenFifth Tenor Soprano": 0.5790276227597936,
        "fOutOfRange Soprano": -1.5472786836174006,
        "fDissLeap Bass": -1.7010671427509207,
        "fForeignDoubling Alto Soprano": -2.9746243318362408e-2,
        "fSLeapThenConStep Tenor": 0.11072656188279177,
        "fMelodyOverleap Soprano": -2.311899069860611,
        "fConsOctave Bass Alto": -0.5948988002825452,
        "fCommonTone Bass": 2.509013117563196,
        "fParUnison Bass Soprano": 1.1574497779761078e-2,
        "fRelOblique Tenor Soprano": 0.9883075000952855,
        "fParFifth Alto Soprano": -3.1565391082072036,
        "fRelStationary Bass Alto": 0.5982047268578302,
        "fOverlap Bass Alto": -0.3121850625660935,
        "fRelSimilar Tenor Soprano": 0.7410355849341161,
        "fMelodySkip Tenor": -1.0417395765622346,
        "fNoDoubling Tenor Alto": 1.613731102827001,
        "fHiddenOctave Bass Soprano": -1.3447145202519946,
        "fLTDoubling Bass Soprano": 2.9766811312481045,
        "fHiddenOctave Bass Alto": 0.2602402064393417,
        "fRelParallel Bass Soprano": 4.540913510345751e-2,
        "fParOctave Tenor Alto": -1.1871713877576568,
        "fTensionDoubling Bass Tenor": -6.33921362173196,
        "fNoDoubling Tenor Soprano": 0.9798974783782214,
        "fParOctave Tenor Soprano": -3.1440874970475803,
        "fRelParallel Bass Alto": 0.5323952587373282,
        "fLTDoubling Bass Alto": 1.1861078201731121,
        "fForeign Bass": -0.8662186828655971,
        "f3rdDoubling Alto Soprano": 1.17538264065867,
        "fNearestTone Tenor": -0.6483713215041769,
        "fForeign Alto": -1.123723364346293,
        "fParOctave Bass Tenor": -3.8824985860448393,
        "fMelodyHolds Tenor": 0.34894467571630283,
        "fHiddenOctave Alto Soprano": -2.8723875647394564e-2,
        "fConsFifth Tenor Soprano": 0.4685175733739011,
        "f3rdDoubling Bass Soprano": 4.2959672359632775,
        "fMelodyStays Tenor": -0.38341529478311454,
        "fMelodyLeap Soprano": -1.7108800852767412,
        "fLTDoubling Alto Soprano": 0.7301695963977278,
        "fTensionDoubling Tenor Alto": -0.745683499081202,
        "fRelParallel Alto Soprano": 0.859913013379677,
        "fRelContrary Bass Alto": 0.6134688787701759,
        "fNoDoubling Bass Tenor": 3.10118512296129,
        "fForeignLT Soprano": 1.1615743947057258,
        "fSkipThenElse Soprano": -0.45520903457746625,
        "fMelodyStep Bass": 0.7466527822637042,
        "fCommonTone Tenor": 0.21389397407618288,
        "fSLeapThenSimStep Soprano": -5.3109689715002864e-2,
        "fParFifth Bass Tenor": -2.7018251266251228,
        "fParUnison Tenor Alto": -0.6069008333319308,
        "fParUnison Tenor Soprano": 8.650406344491185e-2,
        "fDissLeap Tenor": -1.6505799851155263,
        "fSLeapThenSimStep Alto": -0.649565006952938,
        "fForeignDoubling Bass Tenor": -0.9846576139831522,
        "fSkipThenElse Alto": -1.148877335110567,
        "fSkipThenStep Bass": -1.2748531115472723,
        "fLLeapThenElse Bass": -3.3047992042811214,
        "fSLeapThenConStep Soprano": -9.74614527203117e-2,
        "fHiddenFifth Bass Alto": 1.8989521021924218,
        "fChord": 16.510270594680986,
        "fParFifth Tenor Alto": -2.737605822349315,
        "fOutOfRange Tenor": -2.9472273661998973,
        "fSkipThenStep Alto": -2.001644707300119,
        "fMelodyOverleap Tenor": -5.719624198781612,
        "fSLeapThenSimStep Bass": -2.0782565032584754,
        "fCrossing Tenor Soprano": -0.6548144877748535,
        "fSkipThenElse Bass": -0.15456946047609849,
        "fParUnison Bass Tenor": -2.0785318623205895,
        "fLLeapThenElse Alto": -1.6151527952052975,
        "fRootDoubling Tenor Soprano": -0.31213129991437794,
        "fMelodyStep Alto": 0.5556191496755418,
        "fForeignDoubling Tenor Alto": 0.14579454692265564,
        "fRelParallel Bass Tenor": 0.15072380743027888,
        "fSkipThenArpg Bass": 0.3332259097332891,
        "fNoDoubling Alto Soprano": 1.161352390262368,
        "fMelodySkip Soprano": -1.25656518354297,
        "fTensionDoubling Bass Alto": -5.028626247421222,
        "f3rdDoubling Tenor Alto": 1.7657142175188902,
        "fMelodySkip Alto": -0.284296555528367,
        "fHiddenOctave Bass Tenor": 0.2487110623971246,
        "fParOctave Alto Soprano": -1.1778313708974577,
        "fLTDoubling Bass Tenor": 0.7822009675495378,
        "fTensionDoubling Bass Soprano": -5.073506840442205,
        "f3rdDoubling Tenor Soprano": 1.6628182027987017,
        "fNoDoubling Bass Alto": 2.4355083896652383,
        "fParOctave Bass Alto": -3.893408303341915,
        "fSkipThenArpg Soprano": 0.3735149960028064,
        "fLTDoubling Tenor Soprano": 2.352396390407119,
        "fForeign Tenor": -1.9237211034685127,
        "fHiddenOctave Tenor Soprano": 9.913041282199445e-2,
        "fMelodyHolds Alto": 0.3665480263079741,