{
    "model": {
        "fConsOctave Bass Tenor": -1.348020231521768,
        "fRootDoubling Tenor Alto": -1.9156778402406205,
        "fCrossing Tenor Alto": -0.9068299842156815,
        "fRelOblique Alto Soprano": 1.2922287235548897,
        "fOverlap Tenor Bass": 1.9287842271643752e-2,
        "fRelSimilar Alto Soprano": 1.1937383200952005,
        "fParFifth Tenor Soprano": -2.9131228463060954,
        "fSkipThenStep Soprano": -0.473280372003836,
        "fHiddenFifth Bass Soprano": -0.5645279013156399,
        "fOverlap Bass Tenor": 0.4964644356270811,
        "fRelStationary Bass Tenor": 0.4753380036851265,
        "fForeignDoubling Tenor Soprano": 4.253644247447516e-2,
        "fSLeapThenConStep Alto": 0.12010253637492312,
        "fMelodyStep Soprano": 1.0284060373683805,
        "fLLeapThenElse Soprano": -1.4953120494002652,
        "fConsFifth Bass Soprano": -0.7100628758902281,
        "fLLeapThenConStep Tenor": -1.3068571340504085,
        "fSLeapThenElse Tenor": -8.75291186121315e-2,
        "fMelodyHolds Bass": 0.9039342440301299,
        "fRelContrary Tenor Soprano": 0.7256382509857563,
        "f5thDoubling Alto Soprano": 0.3973189767927231,
        "fRelContrary Tenor Alto": 1.309368015241613,
        "fUnison Bass Tenor": -0.246137851995166,
        "fConsFifth Bass Alto": -0.16392209408822725,
        "fNearestTone Bass": -0.3056868436908664,
        "fMelodyStays Bass": -1.8824161057307331,
        "fRelParallel Tenor Alto": 1.2875896361001828,
        "f5thDoubling Bass Alto": -3.3491290655839077,
        "fTensionDoubling Alto Soprano": -1.6109747099663436,
        "fTooFarAT": -0.42911063126700133,
        "fParOctave Bass Soprano": -4.099615930373011,
        "f3rdDoubling Bass Tenor": 2.611842665595229,
        "fNoDoubling Bass Soprano": 5.400590752544866,
        "fMelodyStays Soprano": -0.42332770487342475,
        "fLTDoubling Tenor Alto": -2.014325738005013,
        "fNearestTone Soprano": -0.4588175978889235,
        "fUnison Tenor Soprano": -0.37706998865210245,
        "fSkipThenArpg Alto": -1.1204498182879632,
        "fForeignLT Tenor": 26.540266278301377,
        "fMelodySkip Bass": -2.5161104220968573,
        "fMelodyHolds Soprano": 0.9790799389456277,
        "fMelodyLeap Tenor": -1.5090128613800788,
        "fHiddenOctave Tenor Alto": -1.1390038641198275,
        "fOutOfRange Bass": -2.075390112742543,
        "fRelStationary Alto Soprano": 1.9648290227526755,
        "fRootDoubling Bass Alto": 3.6257775578096862,
        "fOverlap Alto Soprano": -0.8295039690722827,
        "fCrossing Bass Alto": -0.6196241988675301,
        "fCrossing Bass Soprano": -0.43160547740424543,
        "fConsOctave Alto Soprano": -5.544647684004197e-2,
        "fRootDoubling Bass Soprano": 7.061540424368859,
        "fOverlap Soprano Alto": 7.323479300170099e-2,
        "fRelSimilar Bass Tenor": 0.31042036679515445,
        "fMelodyOverleap Bass": -1.388036736023836,
        "fTooFarSA": -0.37295286055979243,
        "fHiddenFifth Tenor Alto": -0.16791899346619749,
        "fRelOblique Bass Tenor": 0.5761519320435295,
        "fHiddenFifth Tenor Soprano": 0.6051449513422976,
        "fOutOfRange Soprano": -3.50607133043261,
        "fDissLeap Bass": -1.1338294963886482,
        "fForeignDoubling Alto Soprano": -0.21146992235831807,
        "fSLeapThenConStep Tenor": -5.989403780572636e-2,
        "fMelodyOverleap Soprano": -3.5051712906856203,
        "fConsOctave Bass Alto": -0.7675095074011318,
        "fCommonTone Bass": 2.781191673360849,
        "fParUnison Bass Soprano": -5.0414054752529164e-2,
        "fRelOblique Tenor Soprano": 1.096442994038415,
        "fParFifth Alto Soprano": -3.501489861266876,
        "fRelStationary Bass Alto": 0.7270640977590608,
        "fOverlap Bass Alto": -0.5970065057306913,
        "fRelSimilar Tenor Soprano": 0.7908974633975937,
        "fMelodySkip Tenor": -0.9053767775889767,
        "fNoDoubling Tenor Alto": 0.9046975358814596,
        "fHiddenOctave Bass Soprano": -1.5716361553241924,
        "fLTDoubling Bass Soprano": -0.2218058939513345,
        "fHiddenOctave Bass Alto": 0.2709622236020345,
        "fRelParallel Bass Soprano": -0.25496504184165497,
        "fParOctave Tenor Alto": -1.4576472762147268,
        "fTensionDoubling Bass Tenor": -7.403013284735381,
        "fNoDoubling Tenor Soprano": 0.10199728204059291,
        "fParOctave Tenor Soprano": -3.6857042172559367,
        "fRelParallel Bass Alto": 0.6952000393743573,
        "fLTDoubling Bass Alto": -3.54940103418776,
        "fForeign Bass": -0.9705874630641583,
        "f3rdDoubling Alto Soprano": 0.6265346537460543,
        "fNearestTone Tenor": -6.939547727572555e-2,
        "fForeign Alto": -1.1499681392043715,
        "fParOctave Bass Tenor": -4.671130600413343,
        "fMelodyHolds Tenor": 0.30959344511462045,
        "fHiddenOctave Alto Soprano": -0.18114772544988444,
        "fConsFifth Tenor Soprano": 0.6780901545487285,
        "f3rdDoubling Bass Soprano": 5.649678346226844,
        "fMelodyStays Tenor": -0.4761532089831184,
        "fMelodyLeap Soprano": -1.862595310524151,
        "fLTDoubling Alto Soprano": -1.2958372236316011,
        "fTensionDoubling Tenor Alto": -1.0792188105985956,
        "fRelParallel Alto Soprano": 1.0717430193818096,
        "fRelContrary Bass Alto": 0.8411725705958429,
        "fNoDoubling Bass Tenor": 3.5034988604233193,
        "fForeignLT Soprano": 14.25469966925397,
        "fSkipThenElse Soprano": -0.18332734792273575,
        "fMelodyStep Bass": 0.7487828686162237,
        "fCommonTone Tenor": 0.38782814286808825,
        "fSLeapThenSimStep Soprano": -1.2546613717790814e-2,
        "fParFifth Bass Tenor": -3.3876651185791555,
        "fParUnison Tenor Alto": -0.5732121147950394,
        "fParUnison Tenor Soprano": -3.5974788380345735e-2,
        "fDissLeap Tenor": -1.5116979988737356,
        "fSLeapThenSimStep Alto": -0.43018555532608466,
        "fForeignDoubling Bass Tenor": -1.2111039674533084,
        "fSkipThenElse Alto": -1.5133254219923187,
        "fSkipThenStep Bass": -1.0643716939440255,
        "fLLeapThenElse Bass": -3.348328111786769,
        "fSLeapThenConStep Soprano": 7.05355287349421e-2,
        "fHiddenFifth Bass Alto": 1.954730569132826,
        "fChord": 17.693909358536622,
        "fParFifth Tenor Alto": -3.290317906350029,
        "fOutOfRange Tenor": -3.808294881017653,
        "fSkipThenStep Alto": -2.427473173114859,
        "fMelodyOverleap Tenor": -2.0329148232975505,
        "fSLeapThenSimStep Bass": -2.0744992340603674,
        "fCrossing Tenor Soprano": -0.5367717882141516,
        "fSkipThenElse Bass": 6.885375584452463e-2,
        "fParUnison Bass Tenor": -2.420230761900659,
        "fLLeapThenElse Alto": -1.5538623690536073,
        "fRootDoubling Tenor Soprano": -1.0710151736936375,
        "fMelodyStep Alto": 0.7662527528227434,
        "fForeignDoubling Tenor Alto": 0.4777392966096899,
        "fRelParallel Bass Tenor": 0.1314679089916376,
        "fSkipThenArpg Bass": 0.5655060933123245,
        "fNoDoubling Alto Soprano": 0.5848495452979648,
        "fMelodySkip Soprano": -1.2222201880338683,
        "fTensionDoubling Bass Alto": -6.722386839301455,
        "f3rdDoubling Tenor Alto": 0.9437763899915707,
        "fMelodySkip Alto": 0.19609878627670546,
        "fHiddenOctave Bass Tenor": 0.3477796799546713,
        "fParOctave Alto Soprano": -1.5747980630289002,
        "fLTDoubling Bass Tenor": -3.882307727768327,
        "fTensionDoubling Bass Soprano": -9.599972948561142,
        "f3rdDoubling Tenor Soprano": 1.081092900872303,
        "fNoDoubling Bass Alto": 1.8119096300624047,
        "fParOctave Bass Alto": -4.1120787258463505,
        "fSkipThenArpg Soprano": 0.5156394273257634,
        "fLTDoubling Tenor Soprano": -0.2654195771040249,
        "fForeign Tenor": -1.6045027606806133,
        "fHiddenOctave Tenor Soprano": 6.304073751317456e-2,
        "fMelodyHolds Alto": 0.46175527547830664,