{
    "model": {
        "fConsOctave Bass Tenor": -1.3482875859868784,
        "fRootDoubling Tenor Alto": -1.4457775325430402,
        "fCrossing Tenor Alto": -1.124599133904297,
        "fRelOblique Alto Soprano": 1.3715244340562815,
        "fOverlap Tenor Bass": 0.12070410382436528,
        "fRelSimilar Alto Soprano": 1.309927623903932,
        "fParFifth Tenor Soprano": -3.1059105641186915,
        "fSkipThenStep Soprano": -0.49068868281374883,
        "fHiddenFifth Bass Soprano": -0.6001662012752847,
        "fOverlap Bass Tenor": 0.5027139082367604,
        "fRelStationary Bass Tenor": -6.169220614073642e-2,
        "fForeignDoubling Tenor Soprano": 0.2598600407050443,
        "fSLeapThenConStep Alto": 5.320778213167701e-2,
        "fMelodyStep Soprano": -0.1456994849890134,
        "fLLeapThenElse Soprano": -1.9350896886317368,
        "fConsFifth Bass Soprano": -0.5987676556753047,
        "fLLeapThenConStep Tenor": -1.4371825202221002,
        "fSLeapThenElse Tenor": -0.15629786693749492,
        "fMelodyHolds Bass": 0.4149626600793389,
        "fRelContrary Tenor Soprano": 0.7569903103995532,
        "f5thDoubling Alto Soprano": 1.3464724469234584,
        "fRelContrary Tenor Alto": 1.3460475749285674,
        "fUnison Bass Tenor": 0.13638800395955458,
        "fConsFifth Bass Alto": -9.311879056674666e-2,
        "fNearestTone Bass": -0.4912255022144199,
        "fMelodyStays Bass": -2.462866784810657,
        "fRelParallel Tenor Alto": 1.3127600182314858,
        "f5thDoubling Bass Alto": -3.1742387325963652,
        "fTensionDoubling Alto Soprano": -1.240044825992058,
        "fTooFarAT": -0.4123153775981078,
        "fParOctave Bass Soprano": -4.444544324947661,
        "f3rdDoubling Bass Tenor": 4.142433869331785,
        "fNoDoubling Bass Soprano": 6.581205860755045,
        "fMelodyStays Soprano": -1.1340015671344392,
        "fLTDoubling Tenor Alto": -2.344937335975806,
        "fNearestTone Soprano": -0.4282592324499695,
        "fUnison Tenor Soprano": -0.2590184502930076,
        "fSkipThenArpg Alto": -1.6497885277515576,
        "fForeignLT Tenor": 30.932460961646353,
        "fMelodySkip Bass": -3.2749645087742016,
        "fMelodyHolds Soprano": 0.26316379969782927,
        "fMelodyLeap Tenor": -2.558516677560895,
        "fHiddenOctave Tenor Alto": -1.3977116523375213,
        "fOutOfRange Bass": -1.797681714329127,
        "fRelStationary Alto Soprano": 1.8499549751028719,
        "fRootDoubling Bass Alto": 4.656929499233225,
        "fOverlap Alto Soprano": -0.9061218573295595,
        "fCrossing Bass Alto": -0.5600190041989832,
        "fCrossing Bass Soprano": -0.3181468152616135,
        "fConsOctave Alto Soprano": 3.449417929880087e-2,
        "fRootDoubling Bass Soprano": 8.510573748918354,
        "fOverlap Soprano Alto": 2.711518182196488e-2,
        "fRelSimilar Bass Tenor": 0.10868922615294943,
        "fMelodyOverleap Bass": -1.4087119125637897,
        "fTooFarSA": -0.36229884054426703,
        "fHiddenFifth Tenor Alto": -1.8337427602308303e-3,
        "fRelOblique Bass Tenor": 0.29432292338627075,
        "fHiddenFifth Tenor Soprano": 0.6656640595734972,
        "fOutOfRange Soprano": -2.3889957476144605,
        "fDissLeap Bass": -1.135559630122127,
        "fForeignDoubling Alto Soprano": -0.16963313373349737,
        "fSLeapThenConStep Tenor": -8.311738478692522e-3,
        "fMelodyOverleap Soprano": -5.34019176020283,
        "fConsOctave Bass Alto": -0.8189927830903105,
        "fCommonTone Bass": 2.67142388652872,
        "fParUnison Bass Soprano": 0.10458857472848532,
        "fRelOblique Tenor Soprano": 0.9632581671099041,
        "fParFifth Alto Soprano": -3.748559641595211,
        "fRelStationary Bass Alto": 0.4611894210679335,
        "fOverlap Bass Alto": -0.5174439415491214,
        "fRelSimilar Tenor Soprano": 0.875132432708356,
        "fMelodySkip Tenor": -1.6849550890591383,
        "fNoDoubling Tenor Alto": 1.0051909464656419,
        "fHiddenOctave Bass Soprano": -1.5367524356367654,
        "fLTDoubling Bass Soprano": -1.9158967720176203,
        "fHiddenOctave Bass Alto": 0.2696001183610233,
        "fRelParallel Bass Soprano": -0.22300612954173415,
        "fParOctave Tenor Alto": -1.6842359595697807,
        "fTensionDoubling Bass Tenor": -11.26610269950792,
        "fNoDoubling Tenor Soprano": 0.4764392066088214,
        "fParOctave Tenor Soprano": -3.860941432002565,
        "fRelParallel Bass Alto": 0.6035405489722446,
        "fLTDoubling Bass Alto": -3.5379862158425084,
        "fForeign Bass": -0.893361087537133,
        "f3rdDoubling Alto Soprano": 1.053502941206181,
        "fNearestTone Tenor": -0.19412819575919654,
        "fForeign Alto": -1.1926742959609096,
        "fParOctave Bass Tenor": -4.468442845725037,
        "fMelodyHolds Tenor": -0.33151283651477637,
        "fHiddenOctave Alto Soprano": -7.60943527933702e-2,
        "fConsFifth Tenor Soprano": 0.6905776394698632,
        "f3rdDoubling Bass Soprano": 6.803650582598886,
        "fMelodyStays Tenor": -1.028807722195694,
        "fMelodyLeap Soprano": -2.389126120808134,
        "fLTDoubling Alto Soprano": -2.3926858239092894,
        "fTensionDoubling Tenor Alto": -0.9840104205715096,
        "fRelParallel Alto Soprano": 1.143205965413685,
        "fRelContrary Bass Alto": 0.6823118245395591,
        "fNoDoubling Bass Tenor": 4.697430636611806,
        "fForeignLT Soprano": 16.4280876514615,
        "fSkipThenElse Soprano": -0.439974191080624,
        "fMelodyStep Bass": -0.10955112840041671,
        "fCommonTone Tenor": 0.32464320329348684,
        "fSLeapThenSimStep Soprano": 5.398661854836776e-2,
        "fParFifth Bass Tenor": -3.478885543564763,
        "fParUnison Tenor Alto": -0.7858782413538836,
        "fParUnison Tenor Soprano": -0.2648794879920066,
        "fDissLeap Tenor": -1.44147909155206,
        "fSLeapThenSimStep Alto": -0.5312381418096561,
        "fForeignDoubling Bass Tenor": -1.261135375964732,
        "fSkipThenElse Alto": -1.8888008509568752,
        "fSkipThenStep Bass": -1.299851299055346,
        "fLLeapThenElse Bass": -3.507773376367907,
        "fSLeapThenConStep Soprano": -5.316007365433202e-2,
        "fHiddenFifth Bass Alto": 1.94875122107601,
        "fChord": 17.25156107536665,
        "fParFifth Tenor Alto": -3.417709730186916,
        "fOutOfRange Tenor": -2.7793739680278993,
        "fSkipThenStep Alto": -2.6297556580174035,
        "fMelodyOverleap Tenor": -1.7453343897364428,
        "fSLeapThenSimStep Bass": -2.248787391093685,
        "fCrossing Tenor Soprano": -0.6693507122286804,
        "fSkipThenElse Bass": -0.2365019347886912,
        "fParUnison Bass Tenor": -2.2962762156027132,
        "fLLeapThenElse Alto": -1.6815653854882082,
        "fRootDoubling Tenor Soprano": -0.7560587790617597,
        "fMelodyStep Alto": 2.52003173065583e-2,
        "fForeignDoubling Tenor Alto": 0.38259651654719457,
        "fRelParallel Bass Tenor": -1.3765907088886637e-2,
        "fSkipThenArpg Bass": 0.19027119944325227,
        "fNoDoubling Alto Soprano": 1.0270246313900127,
        "fMelodySkip Soprano": -2.0923691501885013,
        "fTensionDoubling Bass Alto": -7.814904613261233,
        "f3rdDoubling Tenor Alto": 1.6827882778533247,
        "fMelodySkip Alto": -0.4287181424879792,
        "fHiddenOctave Bass Tenor": 0.24394355221071132,
        "fParOctave Alto Soprano": -1.8119308665766554,
        "fLTDoubling Bass Tenor": -4.001141950251348,
        "fTensionDoubling Bass Soprano": -9.062473155715582,
        "f3rdDoubling Tenor Soprano": 1.535235588700327,
        "fNoDoubling Bass Alto": 2.657644548263034,
        "fParOctave Bass Alto": -4.289687340370491,
        "fSkipThenArpg Soprano": 0.21219841317325389,
        "fLTDoubling Tenor Soprano": -1.914415801994031,
        "fForeign Tenor": -1.5233215478398925,
        "fHiddenOctave Tenor Soprano": 0.19874738888645635,
        "fMelodyHolds Alto": -8.116398698686166e-2,