{
    "model": {
        "fConsOctave Bass Tenor": -1.1573554978067624,
        "fRootDoubling Tenor Alto": -1.3679177154136808,
        "fCrossing Tenor Alto": -0.9666985733907103,
        "fRelOblique Alto Soprano": 1.1298883138283713,
        "fOverlap Tenor Bass": 0.20379677335537083,
        "fRelSimilar Alto Soprano": 1.1015058048805821,
        "fParFifth Tenor Soprano": -2.743803635536303,
        "fSkipThenStep Soprano": -0.7323625916625823,
        "fHiddenFifth Bass Soprano": -0.5304590578243117,
        "fOverlap Bass Tenor": 0.5744258502648114,
        "fRelStationary Bass Tenor": 6.500030770012551e-3,
        "fForeignDoubling Tenor Soprano": 0.22397719115706852,
        "fSLeapThenConStep Alto": -9.09855028510681e-5,
        "fMelodyStep Soprano": 0.1447991516574099,
        "fLLeapThenElse Soprano": -1.4948581212793606,
        "fConsFifth Bass Soprano": -0.7525736137270891,
        "fLLeapThenConStep Tenor": -1.4866313283219164,
        "fSLeapThenElse Tenor": -0.1297258419289738,
        "fMelodyHolds Bass": 0.3769266179377371,
        "fRelContrary Tenor Soprano": 0.7125025678007982,
        "f5thDoubling Alto Soprano": 1.1131352124135698,
        "fRelContrary Tenor Alto": 1.1743605494864084,
        "fUnison Bass Tenor": 0.12660233702104276,
        "fConsFifth Bass Alto": -0.26149172606690985,
        "fNearestTone Bass": -0.3485909403316798,
        "fMelodyStays Bass": -2.512687800691207,
        "fRelParallel Tenor Alto": 1.1484206238720305,
        "f5thDoubling Bass Alto": -2.6321782827258398,
        "fTensionDoubling Alto Soprano": -1.31754583754303,
        "fTooFarAT": -0.38140028814574667,
        "fParOctave Bass Soprano": -4.134577708545836,
        "f3rdDoubling Bass Tenor": 3.797869446914806,
        "fNoDoubling Bass Soprano": 6.061663175791108,
        "fMelodyStays Soprano": -0.9593632049197045,
        "fLTDoubling Tenor Alto": -2.0447546042740252,
        "fNearestTone Soprano": -6.528117746561526e-2,
        "fUnison Tenor Soprano": -0.48221225871507356,
        "fSkipThenArpg Alto": -1.3422629625777744,
        "fForeignLT Tenor": 25.30514440395678,
        "fMelodySkip Bass": -3.156947054877707,
        "fMelodyHolds Soprano": 0.5325781311760637,
        "fMelodyLeap Tenor": -2.1915115941766405,
        "fHiddenOctave Tenor Alto": -1.1894279707552873,
        "fOutOfRange Bass": -1.6061210748017924,
        "fRelStationary Alto Soprano": 1.635610962092312,
        "fRootDoubling Bass Alto": 4.733598687575506,
        "fOverlap Alto Soprano": -1.006957552164695,
        "fCrossing Bass Alto": -0.45963607687306846,
        "fCrossing Bass Soprano": -0.3510354105993447,
        "fConsOctave Alto Soprano": -8.93969992551524e-2,
        "fRootDoubling Bass Soprano": 7.738192850278303,
        "fOverlap Soprano Alto": -4.4984629462596404e-2,
        "fRelSimilar Bass Tenor": 0.27626129243136427,
        "fMelodyOverleap Bass": -1.4834808935085841,
        "fTooFarSA": -0.26868560460016067,
        "fHiddenFifth Tenor Alto": -3.233820904056871e-2,
        "fRelOblique Bass Tenor": 0.4538753884829556,
        "fHiddenFifth Tenor Soprano": 0.4092868830570211,
        "fOutOfRange Soprano": -0.34413529299855183,
        "fDissLeap Bass": -1.3048176658681474,
        "fForeignDoubling Alto Soprano": -2.3323494855496054e-3,
        "fSLeapThenConStep Tenor": -2.2190886410535564e-2,
        "fMelodyOverleap Soprano": -1.044561655360574,
        "fConsOctave Bass Alto": -0.6849180716931115,
        "fCommonTone Bass": 2.6305329161091167,
        "fParUnison Bass Soprano": 2.1704528003592335e-2,
        "fRelOblique Tenor Soprano": 1.0030203268093787,
        "fParFifth Alto Soprano": -3.321217304185192,
        "fRelStationary Bass Alto": 0.509390184798817,
        "fOverlap Bass Alto": -0.4782088397577256,
        "fRelSimilar Tenor Soprano": 0.7773037169232011,
        "fMelodySkip Tenor": -1.4265698286134778,
        "fNoDoubling Tenor Alto": 1.3990338927258574,
        "fHiddenOctave Bass Soprano": -1.5579118026726397,
        "fLTDoubling Bass Soprano": 0.6059187885218028,
        "fHiddenOctave Bass Alto": 0.19583999500209742,
        "fRelParallel Bass Soprano": -0.23613979322406745,
        "fParOctave Tenor Alto": -1.2860738406558028,
        "fTensionDoubling Bass Tenor": -7.661157092600187,
        "fNoDoubling Tenor Soprano": 0.7382829349006521,
        "fParOctave Tenor Soprano": -3.558701688565495,
        "fRelParallel Bass Alto": 0.5338650657937114,
        "fLTDoubling Bass Alto": -3.259094966802379,
        "fForeign Bass": -0.8919518026529849,
        "f3rdDoubling Alto Soprano": 1.3938420225591688,
        "fNearestTone Tenor": -0.16300885733702883,
        "fForeign Alto": -1.1398238713374163,
        "fParOctave Bass Tenor": -4.255440401295795,
        "fMelodyHolds Tenor": -0.18784400855694047,
        "fHiddenOctave Alto Soprano": -6.637847884156005e-2,
        "fConsFifth Tenor Soprano": 0.5663021096656875,
        "f3rdDoubling Bass Soprano": 6.715510348763058,
        "fMelodyStays Tenor": -0.8580683915841254,
        "fMelodyLeap Soprano": -2.0907541517239103,
        "fLTDoubling Alto Soprano": -0.8837875465711088,
        "fTensionDoubling Tenor Alto": -0.575198088345977,
        "fRelParallel Alto Soprano": 0.9330429169555077,
        "fRelContrary Bass Alto": 0.6805062489753247,
        "fNoDoubling Bass Tenor": 4.294328371365444,
        "fForeignLT Soprano": 13.36618649816105,
        "fSkipThenElse Soprano": -0.5766312542578096,
        "fMelodyStep Bass": -6.527001050309451e-2,
        "fCommonTone Tenor": 0.26673680508526637,
        "fSLeapThenSimStep Soprano": 0.1791643617152276,
        "fParFifth Bass Tenor": -3.3356831517580954,
        "fParUnison Tenor Alto": -0.5270937406733558,
        "fParUnison Tenor Soprano": -9.223901420722037e-3,
        "fDissLeap Tenor": -1.430987634844706,
        "fSLeapThenSimStep Alto": -0.5084395429335268,
        "fForeignDoubling Bass Tenor": -1.1953879702889834,
        "fSkipThenElse Alto": -1.6271710786104405,
        "fSkipThenStep Bass": -1.351128878977025,
        "fLLeapThenElse Bass": -3.5709613520591392,
        "fSLeapThenConStep Soprano": -0.10004347749090428,
        "fHiddenFifth Bass Alto": 1.8640390536494025,
        "fChord": 17.017888199430796,
        "fParFifth Tenor Alto": -3.141540460473997,
        "fOutOfRange Tenor": -2.6173447134228467,
        "fSkipThenStep Alto": -2.5076799648549097,
        "fMelodyOverleap Tenor": -1.743357687509882,
        "fSLeapThenSimStep Bass": -2.3142183313640383,
        "fCrossing Tenor Soprano": -0.6722771064692007,
        "fSkipThenElse Bass": -0.10942319464146909,
        "fParUnison Bass Tenor": -2.2181358684676438,
        "fLLeapThenElse Alto": -1.6396753729362028,
        "fRootDoubling Tenor Soprano": -0.3898143193229188,
        "fMelodyStep Alto": 4.406070309829835e-2,
        "fForeignDoubling Tenor Alto": 0.5123086127481189,
        "fRelParallel Bass Tenor": 0.17766319327003835,
        "fSkipThenArpg Bass": 0.2095316613394976,
        "fNoDoubling Alto Soprano": 1.1657491157505637,
        "fMelodySkip Soprano": -1.6615291602942974,
        "fTensionDoubling Bass Alto": -6.688303276000642,
        "f3rdDoubling Tenor Alto": 1.69254536916786,
        "fMelodySkip Alto": -0.292914887030673,
        "fHiddenOctave Bass Tenor": 0.34995190726761405,
        "fParOctave Alto Soprano": -1.3871394862994872,
        "fLTDoubling Bass Tenor": -3.6985128489709607,
        "fTensionDoubling Bass Soprano": -9.297252123088247,
        "f3rdDoubling Tenor Soprano": 1.826638334670273,
        "fNoDoubling Bass Alto": 2.5875390258497633,
        "fParOctave Bass Alto": -4.074656530043715,
        "fSkipThenArpg Soprano": 0.33098361524382003,
        "fLTDoubling Tenor Soprano": 0.6212050248259334,
        "fForeign Tenor": -1.5010531474619992,
        "fHiddenOctave Tenor Soprano": 6.382961434368095e-2,
        "fMelodyHolds Alto": -4.151103376390693e-3,