{
    "model": {
        "fConsOctave Bass Tenor": -1.2813324744152357,
        "fRootDoubling Tenor Alto": -0.5510436045324493,
        "fCrossing Tenor Alto": -0.7548686607703682,
        "fRelOblique Alto Soprano": 1.0772211377426328,
        "fOverlap Tenor Bass": 0.33271144715853607,
        "fRelSimilar Alto Soprano": 1.0977839015069883,
        "fParFifth Tenor Soprano": -2.892762761113959,
        "fSkipThenStep Soprano": -0.780919580477404,
        "fHiddenFifth Bass Soprano": -0.5227421504059843,
        "fOverlap Bass Tenor": 0.5056059484474187,
        "fRelStationary Bass Tenor": -3.86484564471179e-2,
        "fForeignDoubling Tenor Soprano": -0.9871881285462031,
        "fSLeapThenConStep Alto": -4.413779735901037e-2,
        "fMelodyStep Soprano": -0.6192018508607766,
        "fLLeapThenElse Soprano": -1.5165169422199847,
        "fConsFifth Bass Soprano": -0.4647958726919832,
        "fLLeapThenConStep Tenor": -1.5144443802876901,
        "fSLeapThenElse Tenor": -0.28313238431734306,
        "fMelodyHolds Bass": 0.24821973185294638,
        "fRelContrary Tenor Soprano": 0.6889207171587309,
        "f5thDoubling Alto Soprano": 1.3390162963407772,
        "fRelContrary Tenor Alto": 1.0528645932507041,
        "fUnison Bass Tenor": 0.1465743523644767,
        "fConsFifth Bass Alto": -0.14657386388120497,
        "fNearestTone Bass": -0.6103310143946633,
        "fMelodyStays Bass": -2.873230816981363,
        "fRelParallel Tenor Alto": 0.993522415442658,
        "f5thDoubling Bass Alto": -2.5389886118132856,
        "fTensionDoubling Alto Soprano": -0.8569000910365698,
        "fTooFarAT": -0.30400166655414884,
        "fParOctave Bass Soprano": -4.114062354667001,
        "f3rdDoubling Bass Tenor": 3.987978903858975,
        "fNoDoubling Bass Soprano": 7.18401894147599,
        "fMelodyStays Soprano": -1.4173594775193106,
        "fLTDoubling Tenor Alto": 1.6456864394037953,
        "fNearestTone Soprano": -0.3139191374827617,
        "fUnison Tenor Soprano": -0.25348898740901904,
        "fSkipThenArpg Alto": -1.6126162676408031,
        "fForeignLT Tenor": -0.15504027232040316,
        "fMelodySkip Bass": -3.475429327347745,
        "fMelodyHolds Soprano": 9.831573099972207e-3,
        "fMelodyLeap Tenor": -2.619767224666329,
        "fHiddenOctave Tenor Alto": -1.091004166627547,
        "fOutOfRange Bass": -1.5137690363473677,
        "fRelStationary Alto Soprano": 1.4037726986271857,
        "fRootDoubling Bass Alto": 5.0495178228713415,
        "fOverlap Alto Soprano": -0.8414707673827136,
        "fCrossing Bass Alto": -0.5413672526177719,
        "fCrossing Bass Soprano": -0.2826315085199749,
        "fConsOctave Alto Soprano": -4.569910265374282e-3,
        "fRootDoubling Bass Soprano": 8.971572827816807,
        "fOverlap Soprano Alto": 5.64729312018146e-2,
        "fRelSimilar Bass Tenor": 0.22684291125566475,
        "fMelodyOverleap Bass": -1.593985662536808,
        "fTooFarSA": -0.42628941623920197,
        "fHiddenFifth Tenor Alto": -5.824606286796167e-2,
        "fRelOblique Bass Tenor": 0.2967918918063453,
        "fHiddenFifth Tenor Soprano": 0.5852614265924919,
        "fOutOfRange Soprano": -3.9007552083180914,
        "fDissLeap Bass": -1.4858325048852754,
        "fForeignDoubling Alto Soprano": -0.10100227656017727,
        "fSLeapThenConStep Tenor": -0.10904458548197656,
        "fMelodyOverleap Soprano": -2.162146042278068,
        "fConsOctave Bass Alto": -0.7940241935163522,
        "fCommonTone Bass": 2.5991935790731375,
        "fParUnison Bass Soprano": 0.17945044506966348,
        "fRelOblique Tenor Soprano": 0.8016831807472843,
        "fParFifth Alto Soprano": -3.334926188164035,
        "fRelStationary Bass Alto": 0.3345430128240103,
        "fOverlap Bass Alto": -0.5000392911281684,
        "fRelSimilar Tenor Soprano": 0.757735139766383,
        "fMelodySkip Tenor": -1.9040913884335573,
        "fNoDoubling Tenor Alto": 1.76485088875815,
        "fHiddenOctave Bass Soprano": -1.5217677102914597,
        "fLTDoubling Bass Soprano": 4.103824158869438,
        "fHiddenOctave Bass Alto": 0.31349014400974284,
        "fRelParallel Bass Soprano": -0.33311692265885406,
        "fParOctave Tenor Alto": -1.3923018287579088,
        "fTensionDoubling Bass Tenor": -6.238937466687075,
        "fNoDoubling Tenor Soprano": 1.1355764261371561,
        "fParOctave Tenor Soprano": -3.6133446719665074,
        "fRelParallel Bass Alto": 0.35538682127020893,
        "fLTDoubling Bass Alto": 2.0595678817514256,
        "fForeign Bass": -0.8574789699600863,
        "f3rdDoubling Alto Soprano": 1.777919172574565,
        "fNearestTone Tenor": -0.13110197449980224,
        "fForeign Alto": -1.2961977361056722,
        "fParOctave Bass Tenor": -4.65515869911332,
        "fMelodyHolds Tenor": -0.5731594851899038,
        "fHiddenOctave Alto Soprano": -0.12054981763962284,
        "fConsFifth Tenor Soprano": 0.7029980222824294,
        "f3rdDoubling Bass Soprano": 7.332785173565213,
        "fMelodyStays Tenor": -1.343293588877891,
        "fMelodyLeap Soprano": -2.816175866852443,
        "fLTDoubling Alto Soprano": 0.8576192100515285,
        "fTensionDoubling Tenor Alto": -0.2560210373321964,
        "fRelParallel Alto Soprano": 0.9195051102208525,
        "fRelContrary Bass Alto": 0.46447234741434,
        "fNoDoubling Bass Tenor": 4.414227006155854,
        "fForeignLT Soprano": -0.2811290302588255,
        "fSkipThenElse Soprano": -0.659396514875521,
        "fMelodyStep Bass": -0.5101117982032447,
        "fCommonTone Tenor": 0.23279845925699794,
        "fSLeapThenSimStep Soprano": 5.110654907199729e-2,
        "fParFifth Bass Tenor": -3.383417929138887,
        "fParUnison Tenor Alto": -0.6620047454471791,
        "fParUnison Tenor Soprano": -0.13313883582777752,
        "fDissLeap Tenor": -1.6217951981911005,
        "fSLeapThenSimStep Alto": -0.4424532771720605,
        "fForeignDoubling Bass Tenor": -0.9753815483070833,
        "fSkipThenElse Alto": -1.9715761460137144,
        "fSkipThenStep Bass": -1.4793821996392285,
        "fLLeapThenElse Bass": -3.802724680895735,
        "fSLeapThenConStep Soprano": -7.835440441268075e-2,
        "fHiddenFifth Bass Alto": 2.0092383805770213,
        "fChord": 16.567693910500115,
        "fParFifth Tenor Alto": -3.1680236959271544,
        "fOutOfRange Tenor": -4.00499098329723,
        "fSkipThenStep Alto": -2.8447834516172894,
        "fMelodyOverleap Tenor": -5.2989139633204,
        "fSLeapThenSimStep Bass": -2.4657885277316995,
        "fCrossing Tenor Soprano": -0.6281636943893018,
        "fSkipThenElse Bass": -0.29445115126984306,
        "fParUnison Bass Tenor": -2.2652391788174246,
        "fLLeapThenElse Alto": -1.6746291213990048,
        "fRootDoubling Tenor Soprano": 6.567211260848688e-2,
        "fMelodyStep Alto": -0.6263600141181956,
        "fForeignDoubling Tenor Alto": 0.21721216863989748,
        "fRelParallel Bass Tenor": 0.19822388570196942,
        "fSkipThenArpg Bass": 0.12623812659235936,
        "fNoDoubling Alto Soprano": 1.4779794513711222,
        "fMelodySkip Soprano": -2.35366164710537,
        "fTensionDoubling Bass Alto": -6.6195975516157475,
        "f3rdDoubling Tenor Alto": 1.8111410917608775,
        "fMelodySkip Alto": -0.6822229155753275,
        "fHiddenOctave Bass Tenor": 0.24928143618909585,
        "fParOctave Alto Soprano": -1.452990325981098,
        "fLTDoubling Bass Tenor": 1.2443002541133872,
        "fTensionDoubling Bass Soprano": -9.046035879370637,
        "f3rdDoubling Tenor Soprano": 2.1908458246005424,
        "fNoDoubling Bass Alto": 3.3589901148989467,
        "fParOctave Bass Alto": -4.329347611553841,
        "fSkipThenArpg Soprano": 0.19485778569741896,
        "fLTDoubling Tenor Soprano": 4.3958677355921365,
        "fForeign Tenor": -1.6194758625493548,
        "fHiddenOctave Tenor Soprano": 0.11918624479863048,
        "fMelodyHolds Alto": -0.535034901686497,