{
    "model": {
        "fConsOctave Bass Tenor": -1.3137762845186076,
        "fRootDoubling Tenor Alto": -1.2684315601400384,
        "fCrossing Tenor Alto": -0.8241282730756001,
        "fRelOblique Alto Soprano": 1.288990111523105,
        "fOverlap Tenor Bass": -2.5585639544031556e-2,
        "fRelSimilar Alto Soprano": 1.2664171452737991,
        "fParFifth Tenor Soprano": -2.7791266541272104,
        "fSkipThenStep Soprano": -0.526078361671101,
        "fHiddenFifth Bass Soprano": -0.3212587611339726,
        "fOverlap Bass Tenor": 0.5874212129288382,
        "fRelStationary Bass Tenor": 0.2494643083268964,
        "fForeignDoubling Tenor Soprano": -0.7967146837666121,
        "fSLeapThenConStep Alto": 2.420500752938326e-2,
        "fMelodyStep Soprano": 0.36622029756669533,
        "fLLeapThenElse Soprano": -1.6783819801063318,
        "fConsFifth Bass Soprano": -0.5506577716955395,
        "fLLeapThenConStep Tenor": -1.4584821521701823,
        "fSLeapThenElse Tenor": -0.11345133282489685,
        "fMelodyHolds Bass": 0.5440462991063898,
        "fRelContrary Tenor Soprano": 0.6964626684383886,
        "f5thDoubling Alto Soprano": 0.8444245882907121,
        "fRelContrary Tenor Alto": 1.1453891625499653,
        "fUnison Bass Tenor": -0.17886184630812652,
        "fConsFifth Bass Alto": -4.39195182140867e-2,
        "fNearestTone Bass": -0.22389589443769678,
        "fMelodyStays Bass": -2.3581076936534604,
        "fRelParallel Tenor Alto": 1.1918208417716611,
        "f5thDoubling Bass Alto": -2.9496445039557067,
        "fTensionDoubling Alto Soprano": -1.4697550858591215,
        "fTooFarAT": -0.24969989036159596,
        "fParOctave Bass Soprano": -4.252896440007259,
        "f3rdDoubling Bass Tenor": 3.116260940730388,
        "fNoDoubling Bass Soprano": 6.101046992791474,
        "fMelodyStays Soprano": -0.815410497326944,
        "fLTDoubling Tenor Alto": 1.4938812047923684,
        "fNearestTone Soprano": -0.35353061137044967,
        "fUnison Tenor Soprano": -0.38137048873189205,
        "fSkipThenArpg Alto": -1.4096261379177193,
        "fForeignLT Tenor": 0.25825835129923347,
        "fMelodySkip Bass": -3.1852562292843882,
        "fMelodyHolds Soprano": 0.642915175223693,
        "fMelodyLeap Tenor": -1.9514362898036643,
        "fHiddenOctave Tenor Alto": -1.3145410246455533,
        "fOutOfRange Bass": -1.520224115073503,
        "fRelStationary Alto Soprano": 1.8707678465855884,
        "fRootDoubling Bass Alto": 4.100141046378183,
        "fOverlap Alto Soprano": -0.8494789464013802,
        "fCrossing Bass Alto": -0.40574103629629876,
        "fCrossing Bass Soprano": -0.17022615101039346,
        "fConsOctave Alto Soprano": 2.481632597706119e-2,
        "fRootDoubling Bass Soprano": 7.875853011631481,
        "fOverlap Soprano Alto": 0.22625043721385985,
        "fRelSimilar Bass Tenor": 0.3007106473375903,
        "fMelodyOverleap Bass": -1.4036534028533265,
        "fTooFarSA": -0.41762609587582394,
        "fHiddenFifth Tenor Alto": -0.12549674758627072,
        "fRelOblique Bass Tenor": 0.5816019699459241,
        "fHiddenFifth Tenor Soprano": 0.7535760362283016,
        "fOutOfRange Soprano": -3.6210206046135673,
        "fDissLeap Bass": -1.3891446229227604,
        "fForeignDoubling Alto Soprano": -0.2596751628807318,
        "fSLeapThenConStep Tenor": -0.12552854689388362,
        "fMelodyOverleap Soprano": -4.0760725019316055,
        "fConsOctave Bass Alto": -0.7923693290898204,
        "fCommonTone Bass": 2.8260533924109104,
        "fParUnison Bass Soprano": 0.22959420278183368,
        "fRelOblique Tenor Soprano": 0.9884280106496047,
        "fParFifth Alto Soprano": -3.4169689783014654,
        "fRelStationary Bass Alto": 0.6315526105049378,
        "fOverlap Bass Alto": -0.5318499570791468,
        "fRelSimilar Tenor Soprano": 0.7873570149684183,
        "fMelodySkip Tenor": -1.3387791934644362,
        "fNoDoubling Tenor Alto": 1.1849916065472532,
        "fHiddenOctave Bass Soprano": -1.6273687144355382,
        "fLTDoubling Bass Soprano": 3.898876461466891,
        "fHiddenOctave Bass Alto": 0.1964133047839038,
        "fRelParallel Bass Soprano": -0.2640871103761775,
        "fParOctave Tenor Alto": -1.5975433700472799,
        "fTensionDoubling Bass Tenor": -7.210636260529694,
        "fNoDoubling Tenor Soprano": 0.35960152528951883,
        "fParOctave Tenor Soprano": -3.7291072288934446,
        "fRelParallel Bass Alto": 0.6056557024605692,
        "fLTDoubling Bass Alto": 2.0763402363051755,
        "fForeign Bass": -0.9431313536218969,
        "f3rdDoubling Alto Soprano": 1.015529931891006,
        "fNearestTone Tenor": -0.2595641103458009,
        "fForeign Alto": -1.426794854729443,
        "fParOctave Bass Tenor": -4.7064641120368105,
        "fMelodyHolds Tenor": -0.11484462445651965,
        "fHiddenOctave Alto Soprano": -0.1760127372885454,
        "fConsFifth Tenor Soprano": 0.6877490994771776,
        "f3rdDoubling Bass Soprano": 6.61539408864377,
        "fMelodyStays Tenor": -0.8174897129344596,
        "fMelodyLeap Soprano": -2.3343658332452804,
        "fLTDoubling Alto Soprano": 0.8065204806751732,
        "fTensionDoubling Tenor Alto": -0.6543677771677436,
        "fRelParallel Alto Soprano": 1.0392179233050143,
        "fRelContrary Bass Alto": 0.6473435932828937,
        "fNoDoubling Bass Tenor": 3.78714779084838,
        "fForeignLT Soprano": -0.5292937733065916,
        "fSkipThenElse Soprano": -0.4579245425356324,
        "fMelodyStep Bass": 0.11033918119139675,
        "fCommonTone Tenor": 0.41281592053928673,
        "fSLeapThenSimStep Soprano": 5.7208057584402415e-2,
        "fParFifth Bass Tenor": -3.391835128908184,
        "fParUnison Tenor Alto": -0.8573088567625614,
        "fParUnison Tenor Soprano": -0.17299401526000294,
        "fDissLeap Tenor": -1.6618143591520411,
        "fSLeapThenSimStep Alto": -0.49962250991049123,
        "fForeignDoubling Bass Tenor": -1.1284987924275198,
        "fSkipThenElse Alto": -1.7926471867536975,
        "fSkipThenStep Bass": -1.2535161054334594,
        "fLLeapThenElse Bass": -3.6318658502417893,
        "fSLeapThenConStep Soprano": -6.643060005125423e-2,
        "fHiddenFifth Bass Alto": 1.9567581485848307,
        "fChord": 17.02935662655288,
        "fParFifth Tenor Alto": -3.332910195090214,
        "fOutOfRange Tenor": -3.8486546785691997,
        "fSkipThenStep Alto": -2.446551138313085,
        "fMelodyOverleap Tenor": -1.4925422739524379,
        "fSLeapThenSimStep Bass": -2.2261525567831995,
        "fCrossing Tenor Soprano": -0.6538979904432739,
        "fSkipThenElse Bass": -0.15253175610481526,
        "fParUnison Bass Tenor": -2.395257697317944,
        "fLLeapThenElse Alto": -1.4786282822148131,
        "fRootDoubling Tenor Soprano": -0.6554464998564026,
        "fMelodyStep Alto": 0.24371983596316213,
        "fForeignDoubling Tenor Alto": 0.24093644030701103,
        "fRelParallel Bass Tenor": 0.16291283322486888,
        "fSkipThenArpg Bass": 0.2266691213827365,
        "fNoDoubling Alto Soprano": 0.9328677077565053,
        "fMelodySkip Soprano": -1.7448860620186715,
        "fTensionDoubling Bass Alto": -6.871039325465989,
        "f3rdDoubling Tenor Alto": 1.229988671221244,
        "fMelodySkip Alto": -0.25788471709950767,
        "fHiddenOctave Bass Tenor": 0.1134239001525898,
        "fParOctave Alto Soprano": -1.4839697401560663,
        "fLTDoubling Bass Tenor": 1.1421927255222173,
        "fTensionDoubling Bass Soprano": -9.956051579218377,
        "f3rdDoubling Tenor Soprano": 1.3699698438604349,
        "fNoDoubling Bass Alto": 2.113090011669472,
        "fParOctave Bass Alto": -4.589351789553795,
        "fSkipThenArpg Soprano": 0.33583339498416365,
        "fLTDoubling Tenor Soprano": 4.493450350333497,
        "fForeign Tenor": -1.6426235421265283,
        "fHiddenOctave Tenor Soprano": 5.960272772292572e-2,
        "fMelodyHolds Alto": 5.9222706569777114e-2,