{
    "model": {
        "fConsOctave Bass Tenor": -1.2616066161909711,
        "fRootDoubling Tenor Alto": -1.5902409523653172,
        "fCrossing Tenor Alto": -0.7840025841840176,
        "fRelOblique Alto Soprano": 1.2700232785755456,
        "fOverlap Tenor Bass": 0.1003849712814845,
        "fRelSimilar Alto Soprano": 1.1916557746951708,
        "fParFifth Tenor Soprano": -2.9727394458274534,
        "fSkipThenStep Soprano": -0.4641213089211428,
        "fHiddenFifth Bass Soprano": -0.4200559671179257,
        "fOverlap Bass Tenor": 0.46612092731648613,
        "fRelStationary Bass Tenor": 0.36932475503136347,
        "fForeignDoubling Tenor Soprano": -1.0521145427348444,
        "fSLeapThenConStep Alto": 6.8697629313566e-2,
        "fMelodyStep Soprano": 0.44117176500621713,
        "fLLeapThenElse Soprano": -1.455573438563681,
        "fConsFifth Bass Soprano": -0.5764475184208572,
        "fLLeapThenConStep Tenor": -1.427144041610659,
        "fSLeapThenElse Tenor": -0.1517627242782194,
        "fMelodyHolds Bass": 0.4453970571016474,
        "fRelContrary Tenor Soprano": 0.7060361846878654,
        "f5thDoubling Alto Soprano": 0.3370537395128043,
        "fRelContrary Tenor Alto": 1.3096947387518907,
        "fUnison Bass Tenor": -3.250854102666766e-2,
        "fConsFifth Bass Alto": -0.2242168446347896,
        "fNearestTone Bass": -0.7419345619322131,
        "fMelodyStays Bass": -2.2193687817186025,
        "fRelParallel Tenor Alto": 1.324888745098269,
        "f5thDoubling Bass Alto": -3.1899790609325596,
        "fTensionDoubling Alto Soprano": -1.5977384186115602,
        "fTooFarAT": -0.3569444666489888,
        "fParOctave Bass Soprano": -4.291614000787802,
        "f3rdDoubling Bass Tenor": 2.9562204935847003,
        "fNoDoubling Bass Soprano": 6.090675833641762,
        "fMelodyStays Soprano": -0.5635524448828799,
        "fLTDoubling Tenor Alto": 1.6027890078717308,
        "fNearestTone Soprano": -0.44234709664802957,
        "fUnison Tenor Soprano": -0.19605423133535224,
        "fSkipThenArpg Alto": -1.4535274747099527,
        "fForeignLT Tenor": -7.338023903807073e-2,
        "fMelodySkip Bass": -3.545040604314757,
        "fMelodyHolds Soprano": 0.8369581909227861,
        "fMelodyLeap Tenor": -1.790689271642599,
        "fHiddenOctave Tenor Alto": -1.2205816303494323,
        "fOutOfRange Bass": -1.585099412240337,
        "fRelStationary Alto Soprano": 1.7031469482216095,
        "fRootDoubling Bass Alto": 4.055099504098668,
        "fOverlap Alto Soprano": -0.9015613971577937,
        "fCrossing Bass Alto": -0.35330454035027326,
        "fCrossing Bass Soprano": -0.36361617763090226,
        "fConsOctave Alto Soprano": 2.0285869964576424e-2,
        "fRootDoubling Bass Soprano": 7.962736128827437,
        "fOverlap Soprano Alto": 0.24220552637336837,
        "fRelSimilar Bass Tenor": 0.2589103836681734,
        "fMelodyOverleap Bass": -1.5994297015232262,
        "fTooFarSA": -0.2898015480792901,
        "fHiddenFifth Tenor Alto": -0.1870016907463844,
        "fRelOblique Bass Tenor": 0.492724160235222,
        "fHiddenFifth Tenor Soprano": 0.573379169836687,
        "fOutOfRange Soprano": -5.155990021818648,
        "fDissLeap Bass": -1.3853525745425888,
        "fForeignDoubling Alto Soprano": -0.28415833144954195,
        "fSLeapThenConStep Tenor": -9.937119092866174e-2,
        "fMelodyOverleap Soprano": -2.008397930073525,
        "fConsOctave Bass Alto": -0.859738071837586,
        "fCommonTone Bass": 2.680370377625113,
        "fParUnison Bass Soprano": -3.9813666090149746e-2,
        "fRelOblique Tenor Soprano": 1.0075426411635637,
        "fParFifth Alto Soprano": -3.47977511757518,
        "fRelStationary Bass Alto": 0.49350896642397896,
        "fOverlap Bass Alto": -0.3865951972270709,
        "fRelSimilar Tenor Soprano": 0.8488688884551255,
        "fMelodySkip Tenor": -1.3582899939294382,
        "fNoDoubling Tenor Alto": 0.7315045116862903,
        "fHiddenOctave Bass Soprano": -1.5460249649229392,
        "fLTDoubling Bass Soprano": 4.195438782493832,
        "fHiddenOctave Bass Alto": 0.23719468013472342,
        "fRelParallel Bass Soprano": -0.19657340282937805,
        "fParOctave Tenor Alto": -1.7090619943903451,
        "fTensionDoubling Bass Tenor": -6.312732285466522,
        "fNoDoubling Tenor Soprano": -5.080007818203344e-2,
        "fParOctave Tenor Soprano": -3.819458696454659,
        "fRelParallel Bass Alto": 0.7780682115005936,
        "fLTDoubling Bass Alto": 2.205544305920504,
        "fForeign Bass": -0.7938969680699816,
        "f3rdDoubling Alto Soprano": 0.6341424803651806,
        "fNearestTone Tenor": -0.19654643458059226,
        "fForeign Alto": -1.2909987703775736,
        "fParOctave Bass Tenor": -4.7956185421448305,
        "fMelodyHolds Tenor": 3.0102233405941748e-2,
        "fHiddenOctave Alto Soprano": -0.26253126555942713,
        "fConsFifth Tenor Soprano": 0.6954154058838705,
        "f3rdDoubling Bass Soprano": 6.757534047065857,
        "fMelodyStays Tenor": -0.7359004159192306,
        "fMelodyLeap Soprano": -1.9005780231899998,
        "fLTDoubling Alto Soprano": 0.8957168230181319,
        "fTensionDoubling Tenor Alto": -0.8229018798444329,
        "fRelParallel Alto Soprano": 1.0207994348864562,
        "fRelContrary Bass Alto": 0.8828589056201104,
        "fNoDoubling Bass Tenor": 3.32546691311492,
        "fForeignLT Soprano": -0.34181621375502785,
        "fSkipThenElse Soprano": -0.30255689322350043,
        "fMelodyStep Bass": -0.14041982845208403,
        "fCommonTone Tenor": 0.47770337850730377,
        "fSLeapThenSimStep Soprano": 0.21733319131481024,
        "fParFifth Bass Tenor": -3.6059063205022697,
        "fParUnison Tenor Alto": -0.7435692643808208,
        "fParUnison Tenor Soprano": 5.567468218176233e-3,
        "fDissLeap Tenor": -1.6671694069043548,
        "fSLeapThenSimStep Alto": -0.45531501450917705,
        "fForeignDoubling Bass Tenor": -1.1034676336583575,
        "fSkipThenElse Alto": -1.7044198443094656,
        "fSkipThenStep Bass": -1.10935776278294,
        "fLLeapThenElse Bass": -3.530093120798378,
        "fSLeapThenConStep Soprano": -0.1281500927249593,
        "fHiddenFifth Bass Alto": 1.9339269486237696,
        "fChord": 17.049181449141027,
        "fParFifth Tenor Alto": -3.4189482856792806,
        "fOutOfRange Tenor": -4.094790362138502,
        "fSkipThenStep Alto": -2.590264156923211,
        "fMelodyOverleap Tenor": -3.895109043607082,
        "fSLeapThenSimStep Bass": -2.1458128243924297,
        "fCrossing Tenor Soprano": -0.635049199327575,
        "fSkipThenElse Bass": -1.4223390004011235e-2,
        "fParUnison Bass Tenor": -2.571324420616507,
        "fLLeapThenElse Alto": -1.595424913287534,
        "fRootDoubling Tenor Soprano": -0.9222160192063167,
        "fMelodyStep Alto": 0.19285758009237808,
        "fForeignDoubling Tenor Alto": 0.2466038855798609,
        "fRelParallel Bass Tenor": 0.19843081362378137,
        "fSkipThenArpg Bass": 0.33973071135950067,
        "fNoDoubling Alto Soprano": 0.39169331363307824,
        "fMelodySkip Soprano": -1.666277160890482,
        "fTensionDoubling Bass Alto": -7.857274393915486,
        "f3rdDoubling Tenor Alto": 0.8279353968129983,
        "fMelodySkip Alto": -0.1092798129891606,
        "fHiddenOctave Bass Tenor": 0.1730036408430473,
        "fParOctave Alto Soprano": -1.648077573153495,
        "fLTDoubling Bass Tenor": 1.2635180451754173,
        "fTensionDoubling Bass Soprano": -10.831065133734706,
        "f3rdDoubling Tenor Soprano": 1.2108620161248842,
        "fNoDoubling Bass Alto": 2.0923681774854503,
        "fParOctave Bass Alto": -4.551800035667984,
        "fSkipThenArpg Soprano": 0.5945263758488926,
        "fLTDoubling Tenor Soprano": 4.6893161735847535,
        "fForeign Tenor": -1.6124264333102973,
        "fHiddenOctave Tenor Soprano": -2.5352341490631713e-2,
        "fMelodyHolds Alto": 0.3145466894257122,